"AÑO","MES","PROVINCIA","INDICADOR_ADR","TASA_VARIACION_ADR","INDICADOR_RVPAR","TASA_VARIACION_RVPAR"
2021,1,"La Coruña",44.72,-10.82,4.99,-65.74
2021,2,"La Coruña",42.88,-16.65,5.39,-69.24
2021,3,"La Coruña",45.29,-7.33,8.02,-22.46
2021,4,"La Coruña",47.23,0,9.04,0
2021,5,"La Coruña",53.9,0,12.29,0
2021,6,"La Coruña",57.71,12.8,20.02,115.33
2021,7,"La Coruña",67.63,18.8,36.7,93.69
2021,8,"La Coruña",77.24,23.61,55.11,107.7
2021,9,"La Coruña",63.94,25.45,35.14,179.24
2021,10,"La Coruña",65.44,38.49,30.6,234.25
2021,11,"La Coruña",59.83,40.33,21.89,306.87
2021,12,"La Coruña",56.25,27.3,15.67,208.88
2022,1,"La Coruña",49.78,11.32,11.72,134.99
2022,2,"La Coruña",51.82,20.85,16.53,206.77
2022,3,"La Coruña",53.16,17.39,19.23,139.86
2022,4,"La Coruña",65.7,39.09,30,231.93
2022,5,"La Coruña",68.85,27.75,36.31,195.52
2022,6,"La Coruña",72.84,26.22,42.15,110.54
2022,7,"La Coruña",75.24,11.25,49.03,33.58
2022,8,"La Coruña",83.65,8.3,61.63,11.84
2022,9,"La Coruña",75.16,17.54,48.32,37.51
2022,10,"La Coruña",70.94,8.4,39.79,30.05
2022,11,"La Coruña",59.59,-0.4,25.27,15.45
2022,12,"La Coruña",60.62,7.77,20.65,31.8
2023,1,"La Coruña",54.27,9.02,16.28,38.82
2023,2,"La Coruña",54.01,4.23,18.77,13.54
2023,3,"La Coruña",56.15,5.61,22.51,17.06
2023,4,"La Coruña",66.09,0.59,34.32,14.4
2023,5,"La Coruña",74.33,7.95,41.55,14.42
2023,6,"La Coruña",77.78,6.78,45.27,7.39
2023,7,"La Coruña",77.44,2.93,47.19,-3.76
2023,8,"La Coruña",85.68,2.42,62.48,1.38
2023,9,"La Coruña",79.83,6.21,51.06,5.67
2023,10,"La Coruña",77.27,8.93,45.17,13.53
2023,11,"La Coruña",62.04,4.11,25.33,0.23
2023,12,"La Coruña",59.9,-1.2,19.45,-5.79
2021,1,"Albacete",41.94,-11.12,7.41,-39.94
2021,2,"Albacete",43.55,-4.51,10.82,-37.46
2021,3,"Albacete",42.94,-9.13,11.34,0.55
2021,4,"Albacete",46.61,0,12.06,0
2021,5,"Albacete",45.92,0,14.44,0
2021,6,"Albacete",48.4,10.15,17.38,38.02
2021,7,"Albacete",48.51,4.83,18.46,18.57
2021,8,"Albacete",52.7,6.23,21.56,27.75
2021,9,"Albacete",50.82,8.26,21.31,49.32
2021,10,"Albacete",49.15,5.75,21.02,43.7
2021,11,"Albacete",48.28,12.88,19.46,86.9
2021,12,"Albacete",50.98,14.95,17.58,82.39
2022,1,"Albacete",47.72,13.77,12.14,63.88
2022,2,"Albacete",50.1,15.04,18.98,75.45
2022,3,"Albacete",49.74,15.82,16.55,45.93
2022,4,"Albacete",53.09,13.89,21.49,78.18
2022,5,"Albacete",49.16,7.06,21.4,48.15
2022,6,"Albacete",49.43,2.12,21.03,21.02
2022,7,"Albacete",49.35,1.73,19.08,3.35
2022,8,"Albacete",52.85,0.28,22.82,5.82
2022,9,"Albacete",55.01,8.25,26.87,26.08
2022,10,"Albacete",50.32,2.39,22.77,8.36
2022,11,"Albacete",50.07,3.72,22.55,15.87
2022,12,"Albacete",52.58,3.15,17.97,2.19
2023,1,"Albacete",50.93,6.73,15.84,30.41
2023,2,"Albacete",53.41,6.61,21.38,12.69
2023,3,"Albacete",52.46,5.47,21.57,30.38
2023,4,"Albacete",52.93,-0.3,24.45,13.81
2023,5,"Albacete",48.76,-0.82,21.62,1.03
2023,6,"Albacete",53.53,8.28,25.21,19.9
2023,7,"Albacete",52.68,6.77,22.77,19.34
2023,8,"Albacete",55.4,4.83,25.6,12.17
2023,9,"Albacete",59.94,8.96,30.72,14.34
2023,10,"Albacete",53,5.32,26.26,15.3
2023,11,"Albacete",51.64,3.13,25.36,12.46
2023,12,"Albacete",56.29,7.04,20.08,11.79
2021,1,"Alicante",57.57,-1.32,11.91,-61.36
2021,2,"Alicante",54.85,-9.47,10.58,-70.69
2021,3,"Alicante",69.53,24.13,17.17,-20.3
2021,4,"Alicante",82.29,0,22.4,0
2021,5,"Alicante",82.62,0,27.93,0
2021,6,"Alicante",91.81,48.79,42.92,224.58
2021,7,"Alicante",106.51,12.79,65.6,83.52
2021,8,"Alicante",123.35,21.03,96.44,80.93
2021,9,"Alicante",94.19,14.82,58.92,130.6
2021,10,"Alicante",79.69,17.9,47.98,140.9
2021,11,"Alicante",71.47,15.54,30.83,172.48
2021,12,"Alicante",73.95,16.26,26.06,83.52
2022,1,"Alicante",67.36,17,22.38,87.86
2022,2,"Alicante",69.39,26.5,33.4,215.58
2022,3,"Alicante",66.72,-4.03,36.58,112.98
2022,4,"Alicante",78.06,-5.14,50.51,125.43
2022,5,"Alicante",80.49,-2.58,56.29,101.52
2022,6,"Alicante",96.36,4.96,71.25,66
2022,7,"Alicante",118.48,11.24,93.65,42.76
2022,8,"Alicante",131.91,6.94,112.79,16.94
2022,9,"Alicante",99.89,6.05,76.14,29.22
2022,10,"Alicante",81.02,1.67,55.63,15.96
2022,11,"Alicante",67.39,-5.71,41.51,34.64
2022,12,"Alicante",73.85,-0.13,38.45,47.51
2023,1,"Alicante",69.91,3.79,34.59,54.57
2023,2,"Alicante",67.49,-2.74,37.9,13.47
2023,3,"Alicante",71.42,7.04,45.27,23.75
2023,4,"Alicante",82.68,5.92,59.22,17.25
2023,5,"Alicante",85.94,6.77,61.75,9.7
2023,6,"Alicante",105.26,9.23,79.8,11.99
2023,7,"Alicante",130.79,10.39,104.84,11.95
2023,8,"Alicante",139.2,5.53,118.35,4.93
2023,9,"Alicante",109.45,9.57,86.61,13.75
2023,10,"Alicante",91.44,12.87,67.05,20.53
2023,11,"Alicante",76.08,12.89,45.55,9.73
2023,12,"Alicante",77.83,5.39,42.58,10.74
2021,1,"Álava",50.8,-10.5,11.59,-57
2021,2,"Álava",48.53,-24.35,12.83,-63.55
2021,3,"Álava",53.29,-9.03,16.36,10.32
2021,4,"Álava",57.07,0,18.19,0
2021,5,"Álava",58.91,0,20.48,0
2021,6,"Álava",61.45,17.22,27.38,103.8
2021,7,"Álava",73.3,11,43.06,51.99
2021,8,"Álava",86.08,19.59,67.38,85.87
2021,9,"Álava",79.77,31.45,50.25,101.22
2021,10,"Álava",82.85,35.35,56.78,128.88
2021,11,"Álava",69.96,46.26,40.36,191.98
2021,12,"Álava",64.57,31.71,30.17,150.46
2022,1,"Álava",52.29,2.94,19.12,65.03
2022,2,"Álava",54.96,13.24,27.32,112.97
2022,3,"Álava",67.75,27.14,36.91,125.64
2022,4,"Álava",73.32,28.47,43.15,137.21
2022,5,"Álava",79.37,34.74,50.52,146.69
2022,6,"Álava",84.56,37.61,56.97,108.05
2022,7,"Álava",88.74,21.06,66.06,53.43
2022,8,"Álava",92.92,7.94,74.77,10.98
2022,9,"Álava",83.61,4.81,59.26,17.93
2022,10,"Álava",83.66,0.98,57.29,0.9
2022,11,"Álava",71.11,1.65,41.92,3.87
2022,12,"Álava",66.45,2.92,33.6,11.37
2023,1,"Álava",56.41,7.87,27.54,44.03
2023,2,"Álava",63.52,15.58,34.6,26.66
2023,3,"Álava",68.71,1.41,38.65,4.71
2023,4,"Álava",77.91,6.26,48.06,11.39
2023,5,"Álava",81.54,2.74,51.99,2.91
2023,6,"Álava",91.05,7.68,61.93,8.69
2023,7,"Álava",90.53,2.02,69.75,5.59
2023,8,"Álava",91.74,-1.26,74.7,-0.1
2023,9,"Álava",87.7,4.89,67.58,14.05
2023,10,"Álava",83.6,-0.07,58.27,1.71
2023,11,"Álava",73.01,2.67,44.19,5.41
2023,12,"Álava",71.03,6.89,37.01,10.12
2021,1,"Almería",47.86,-7.7,9.34,-50.06
2021,2,"Almería",47.05,-9.94,9.36,-64.94
2021,3,"Almería",50.93,6.77,11.81,-42.23
2021,4,"Almería",48.67,0,12.77,0
2021,5,"Almería",56.1,0,18.34,0
2021,6,"Almería",76.7,28.02,34.48,115.49
2021,7,"Almería",99.89,14.21,64.12,86.52
2021,8,"Almería",120.73,22.5,93.63,91.82
2021,9,"Almería",79.39,8.72,47.33,95.24
2021,10,"Almería",65.45,11.9,31.05,90.43
2021,11,"Almería",58.95,27.19,25.95,177.73
2021,12,"Almería",55.9,23.61,20.72,143.35
2022,1,"Almería",53.81,12.44,17.35,85.74
2022,2,"Almería",54.4,15.62,21.14,125.93
2022,3,"Almería",52.11,2.32,25.4,115.03
2022,4,"Almería",60.67,24.65,30.49,138.86
2022,5,"Almería",64.41,14.82,31.15,69.89
2022,6,"Almería",83.74,9.17,48.7,41.25
2022,7,"Almería",117.67,17.8,87.77,36.89
2022,8,"Almería",137.83,14.17,114.12,21.88
2022,9,"Almería",88.04,10.89,58.99,24.65
2022,10,"Almería",67.91,3.77,33.67,8.42
2022,11,"Almería",58.65,-0.5,27.08,4.35
2022,12,"Almería",63.72,14,21.98,6.09
2023,1,"Almería",57.69,7.21,21.15,21.9
2023,2,"Almería",58.06,6.73,25.83,22.19
2023,3,"Almería",58.71,12.68,27.43,7.96
2023,4,"Almería",65.32,7.68,33.97,11.38
2023,5,"Almería",63.02,-2.15,32.84,5.4
2023,6,"Almería",85,1.5,49.5,1.65
2023,7,"Almería",116.73,-0.8,85.15,-2.99
2023,8,"Almería",139.51,1.22,115.09,0.85
2023,9,"Almería",86.97,-1.22,57.12,-3.17
2023,10,"Almería",68.49,0.85,37.99,12.82
2023,11,"Almería",66.29,13.03,27.88,2.97
2023,12,"Almería",65.27,2.44,22.55,2.6
2021,1,"Asturias",45.1,-19.8,7.58,-55.28
2021,2,"Asturias",44.91,-15.92,8.46,-58.34
2021,3,"Asturias",46.19,-8.01,9.3,-5.12
2021,4,"Asturias",46.18,0,9.58,0
2021,5,"Asturias",52.54,0,13.51,0
2021,6,"Asturias",60.63,31.68,21.81,128.09
2021,7,"Asturias",76.03,4.76,46.93,19.83
2021,8,"Asturias",95.94,8.11,78.63,27.93
2021,9,"Asturias",65.8,7.44,36.41,55.11
2021,10,"Asturias",63.23,10.21,29.8,145.14
2021,11,"Asturias",56.66,31.99,18.49,266.54
2021,12,"Asturias",57.01,25.39,17.03,142.51
2022,1,"Asturias",52.84,17.15,13.74,81.29
2022,2,"Asturias",53.7,19.58,17.6,108.02
2022,3,"Asturias",53.18,15.14,17.78,91.28
2022,4,"Asturias",65.19,41.17,27.71,189.18
2022,5,"Asturias",61.19,16.48,26.62,96.99
2022,6,"Asturias",62.62,3.28,31.51,44.42
2022,7,"Asturias",80.99,6.52,53.44,13.87
2022,8,"Asturias",104.38,8.8,81.41,3.54
2022,9,"Asturias",68.79,4.54,39.59,8.74
2022,10,"Asturias",62.69,-0.85,30.38,1.95
2022,11,"Asturias",55.2,-2.57,20.31,9.85
2022,12,"Asturias",60.4,5.95,20.23,18.77
2023,1,"Asturias",54.67,3.47,16.63,21.02
2023,2,"Asturias",54.52,1.53,20.77,18
2023,3,"Asturias",56.48,6.21,21.29,19.7
2023,4,"Asturias",68.44,4.98,31.99,15.43
2023,5,"Asturias",62.84,2.7,27.05,1.62
2023,6,"Asturias",66.15,5.63,37.08,17.69
2023,7,"Asturias",86.93,7.34,59.46,11.27
2023,8,"Asturias",108.09,3.55,84.36,3.63
2023,9,"Asturias",74.42,8.17,45.53,14.99
2023,10,"Asturias",67.06,6.96,35.04,15.32
2023,11,"Asturias",59.08,7.02,23.57,16.07
2023,12,"Asturias",65.27,8.07,24.23,19.81
2021,1,"Ávila",41.92,-21.56,3.73,-73.14
2021,2,"Ávila",42.85,-21.83,5.46,-70.55
2021,3,"Ávila",46.98,-10.85,6.95,-10.44
2021,4,"Ávila",46.5,0,6.94,0
2021,5,"Ávila",53.55,0,12.52,0
2021,6,"Ávila",55.29,3.44,17.52,27.83
2021,7,"Ávila",58.66,0.5,23.94,20.96
2021,8,"Ávila",63.1,-1.99,36.21,36.13
2021,9,"Ávila",58.51,3.57,23.32,70.45
2021,10,"Ávila",60.79,11.13,24.16,152.35
2021,11,"Ávila",54.59,32.5,15.39,143.32
2021,12,"Ávila",61.09,30.25,17.49,201.26
2022,1,"Ávila",56.91,35.77,12.93,246.61
2022,2,"Ávila",56.55,31.97,18.97,247.64
2022,3,"Ávila",53.72,14.33,16.75,140.94
2022,4,"Ávila",62.28,33.94,25.45,266.83
2022,5,"Ávila",59.93,11.91,23.8,90.02
2022,6,"Ávila",60.83,10.03,23.86,36.2
2022,7,"Ávila",62.89,7.21,26.95,12.59
2022,8,"Ávila",65.84,4.35,33.25,-8.17
2022,9,"Ávila",66.68,13.96,30.2,29.47
2022,10,"Ávila",63.5,4.46,28.59,18.31
2022,11,"Ávila",58.8,7.71,20.28,31.77
2022,12,"Ávila",63.44,3.84,19.68,12.52
2023,1,"Ávila",57.37,0.79,15.53,20.1
2023,2,"Ávila",60.92,7.73,23.79,25.42
2023,3,"Ávila",58.19,8.32,22.29,33.03
2023,4,"Ávila",67.69,8.7,31.71,24.59
2023,5,"Ávila",62.47,4.24,25.78,8.31
2023,6,"Ávila",65.42,7.55,26.31,10.27
2023,7,"Ávila",70.67,12.38,32.78,21.61
2023,8,"Ávila",69.07,4.9,38.07,14.49
2023,9,"Ávila",66.19,-0.73,30.53,1.1
2023,10,"Ávila",70.54,11.09,32.83,14.85
2023,11,"Ávila",65.22,10.92,24.96,23.06
2023,12,"Ávila",66.76,5.23,21.24,7.93
2021,1,"Badajoz",44.78,-10.68,5.88,-64.93
2021,2,"Badajoz",44.02,-15.96,8.39,-57.77
2021,3,"Badajoz",46.05,-12.12,10.66,-33.4
2021,4,"Badajoz",45.95,0,10.95,0
2021,5,"Badajoz",48.93,0,17.12,0
2021,6,"Badajoz",52.52,10.2,20.86,73.97
2021,7,"Badajoz",59.71,15.06,26.38,58.56
2021,8,"Badajoz",61.8,8.47,32.46,61.17
2021,9,"Badajoz",57.11,9.88,30.79,104.55
2021,10,"Badajoz",57.54,18.46,29.68,132.59
2021,11,"Badajoz",53.88,17.23,23.14,142.48
2021,12,"Badajoz",55.76,19.85,19.05,127.55
2022,1,"Badajoz",51.82,15.72,14.63,148.76
2022,2,"Badajoz",55.17,25.33,21.49,156.16
2022,3,"Badajoz",55.44,20.39,25.22,136.52
2022,4,"Badajoz",59.32,29.09,32.91,200.49
2022,5,"Badajoz",56.77,16.03,30.07,75.59
2022,6,"Badajoz",56.93,8.38,28.97,38.92
2022,7,"Badajoz",62.66,4.94,31.5,19.43
2022,8,"Badajoz",63.82,3.27,36.73,13.17
2022,9,"Badajoz",62.04,8.62,35.52,15.35
2022,10,"Badajoz",60.79,5.66,33.42,12.61
2022,11,"Badajoz",55.65,3.28,24.11,4.19
2022,12,"Badajoz",57.19,2.57,19.63,3.01
2023,1,"Badajoz",54.25,4.7,20.09,37.31
2023,2,"Badajoz",57.16,3.61,27.14,26.33
2023,3,"Badajoz",56.35,1.66,28.94,14.73
2023,4,"Badajoz",62.64,5.6,38.16,15.96
2023,5,"Badajoz",58.83,3.63,32.37,7.66
2023,6,"Badajoz",60.2,5.75,30.24,4.36
2023,7,"Badajoz",64.19,2.44,32.6,3.5
2023,8,"Badajoz",65.24,2.22,38.28,4.21
2023,9,"Badajoz",62.01,-0.03,34.99,-1.5
2023,10,"Badajoz",60.49,-0.49,33.94,1.54
2023,11,"Badajoz",56.88,2.21,27.32,13.32
2023,12,"Badajoz",60.68,6.1,25.94,32.14
2021,1,"Barcelona",62.37,-30.39,13.65,-74.46
2021,2,"Barcelona",68.55,-34.32,18.11,-72.01
2021,3,"Barcelona",76.63,-15.31,21.99,-39.2
2021,4,"Barcelona",71.35,0,21.62,0
2021,5,"Barcelona",76.66,0,26.69,0
2021,6,"Barcelona",83.2,20.98,34.57,112.4
2021,7,"Barcelona",92.61,18.23,46.69,84.88
2021,8,"Barcelona",97.14,18.97,61.09,146.28
2021,9,"Barcelona",91.87,26.14,50.06,183.84
2021,10,"Barcelona",95.27,37.81,58.5,298.5
2021,11,"Barcelona",86.75,34.96,49.04,331.38
2021,12,"Barcelona",85.32,25.8,37.9,167.71
2022,1,"Barcelona",75.24,20.64,27.04,98.13
2022,2,"Barcelona",93.64,36.6,51.71,185.53
2022,3,"Barcelona",103.14,34.6,66.03,200.21
2022,4,"Barcelona",121.3,70,93.41,332.13
2022,5,"Barcelona",131.55,71.61,103.09,286.26
2022,6,"Barcelona",141.03,69.5,114.84,232.23
2022,7,"Barcelona",134.91,45.68,111.6,139.01
2022,8,"Barcelona",139.62,43.74,119.65,95.86
2022,9,"Barcelona",136.41,48.49,109.8,119.35
2022,10,"Barcelona",130.79,37.29,103.09,76.23
2022,11,"Barcelona",114.39,31.87,80.42,63.99
2022,12,"Barcelona",103.25,21.02,57.38,51.41
2023,1,"Barcelona",100.22,33.21,57.35,112.08
2023,2,"Barcelona",131.45,40.37,94.45,82.66
2023,3,"Barcelona",125.05,21.24,92.52,40.12
2023,4,"Barcelona",147.07,21.24,116.59,24.81
2023,5,"Barcelona",150.39,14.32,120.11,16.51
2023,6,"Barcelona",149.4,5.94,121.92,6.17
2023,7,"Barcelona",143.36,6.26,121.01,8.43
2023,8,"Barcelona",140.94,0.94,120.49,0.7
2023,9,"Barcelona",144.75,6.12,120.09,9.37
2023,10,"Barcelona",151.01,15.46,122.15,18.49
2023,11,"Barcelona",129.06,12.82,96.18,19.59
2023,12,"Barcelona",114.26,10.66,66.78,16.37
2021,1,"Vizcaya",56.38,-18.53,11.15,-67.95
2021,2,"Vizcaya",54.99,-23.56,12.99,-70.7
2021,3,"Vizcaya",56.43,-17.79,14.11,-42.98
2021,4,"Vizcaya",58.66,0,16.96,0
2021,5,"Vizcaya",59.37,0,18,0
2021,6,"Vizcaya",65.27,5.5,24.13,73.6
2021,7,"Vizcaya",74,3.41,41.81,33.96
2021,8,"Vizcaya",90.93,23.17,72.37,124.25
2021,9,"Vizcaya",79.85,26.07,48.79,128.37
2021,10,"Vizcaya",83.32,37.12,50.45,174.04
2021,11,"Vizcaya",70.83,31.34,36.24,220.9
2021,12,"Vizcaya",75.93,35.26,31.81,181.24
2022,1,"Vizcaya",65.86,16.82,19.12,71.43
2022,2,"Vizcaya",66.04,20.08,28.05,115.91
2022,3,"Vizcaya",69.21,22.65,33.59,138.07
2022,4,"Vizcaya",94.5,61.1,57.62,239.83
2022,5,"Vizcaya",90.53,52.49,58.06,222.5
2022,6,"Vizcaya",96.95,48.54,67.96,181.58
2022,7,"Vizcaya",101.07,36.58,79.06,89.07
2022,8,"Vizcaya",106.74,17.38,88.93,22.89
2022,9,"Vizcaya",98.73,23.65,74.7,53.11
2022,10,"Vizcaya",91.98,10.39,62.81,24.5
2022,11,"Vizcaya",78.84,11.31,45.52,25.6
2022,12,"Vizcaya",76.61,0.88,37.31,17.28
2023,1,"Vizcaya",69.11,4.93,29,51.68
2023,2,"Vizcaya",74.41,12.68,40.7,45.06
2023,3,"Vizcaya",76.7,10.82,42.61,26.86
2023,4,"Vizcaya",94.01,-0.51,64.81,12.47
2023,5,"Vizcaya",99.67,10.09,72.13,24.23
2023,6,"Vizcaya",108.93,12.36,80.36,18.26
2023,7,"Vizcaya",112.34,11.15,89.93,13.76
2023,8,"Vizcaya",120.97,13.34,105.35,18.46
2023,9,"Vizcaya",114.01,15.48,94.14,26.01
2023,10,"Vizcaya",112.14,21.92,85.6,36.29
2023,11,"Vizcaya",87.44,10.91,51.02,12.09
2023,12,"Vizcaya",84.63,10.47,43.38,16.28
2021,1,"Burgos",47.29,-0.73,8.98,-42.3
2021,2,"Burgos",47.71,-6.04,9.76,-50.52
2021,3,"Burgos",48.22,-18.31,10.76,-16.2
2021,4,"Burgos",49.6,0,11.6,0
2021,5,"Burgos",54.88,0,16.39,0
2021,6,"Burgos",56.24,15.11,20.61,99.3
2021,7,"Burgos",57.02,4.96,26.64,38.2
2021,8,"Burgos",64.36,13.51,42.1,91.67
2021,9,"Burgos",58.74,12.39,30.38,94.63
2021,10,"Burgos",60.8,14.75,32.61,130.15
2021,11,"Burgos",55.61,19.89,24.36,207.1
2021,12,"Burgos",58.43,14.79,19.81,137.84
2022,1,"Burgos",50.35,6.47,13.83,54.03
2022,2,"Burgos",52.01,8.99,19.06,95.26
2022,3,"Burgos",55.28,14.63,20.82,93.52
2022,4,"Burgos",60.88,22.75,28.42,145.08
2022,5,"Burgos",59.42,8.28,29.33,78.95
2022,6,"Burgos",62.69,11.46,31.66,53.61
2022,7,"Burgos",61.05,7.08,34.71,30.28
2022,8,"Burgos",66.76,3.74,43.81,4.06
2022,9,"Burgos",62.56,6.49,33.53,10.39
2022,10,"Burgos",61.63,1.37,33.22,1.86
2022,11,"Burgos",56.37,1.37,24.41,0.2
2022,12,"Burgos",56.08,-4.01,19.93,0.58
2023,1,"Burgos",56.42,12.06,18.25,31.98
2023,2,"Burgos",56.86,9.33,21.84,14.59
2023,3,"Burgos",58.74,6.26,26.39,26.76
2023,4,"Burgos",62.87,3.28,36.66,29
2023,5,"Burgos",64.81,9.07,35.43,20.8
2023,6,"Burgos",64.69,3.19,33.91,7.11
2023,7,"Burgos",69.69,14.14,39.57,14
2023,8,"Burgos",74.9,12.18,49.5,13
2023,9,"Burgos",66.94,7.01,40.8,21.68
2023,10,"Burgos",68.85,11.7,39.9,20.12
2023,11,"Burgos",59.17,4.97,25.87,6.02
2023,12,"Burgos",62.02,10.58,26.9,35.02
2021,1,"Cáceres",44.32,-22.31,4.48,-71
2021,2,"Cáceres",47.83,-22.23,7.12,-66.31
2021,3,"Cáceres",58.84,5.29,12.98,18.67
2021,4,"Cáceres",55.63,0,10.24,0
2021,5,"Cáceres",62.79,0,16.55,0
2021,6,"Cáceres",65.79,35.72,22.39,160.81
2021,7,"Cáceres",68.6,7.85,27.21,49.36
2021,8,"Cáceres",76.43,11.93,39.24,64.43
2021,9,"Cáceres",67.77,5.4,31.14,81.9
2021,10,"Cáceres",71.55,23.81,35.37,197.51
2021,11,"Cáceres",64.28,23.42,25.07,198.12
2021,12,"Cáceres",70.38,23.66,21.29,158.12
2022,1,"Cáceres",60.3,36.06,15.3,241.68
2022,2,"Cáceres",64.92,35.72,23.38,228.26
2022,3,"Cáceres",63.57,8.05,23.41,80.28
2022,4,"Cáceres",73.11,31.43,36.5,256.38
2022,5,"Cáceres",69.25,10.28,31.73,91.78
2022,6,"Cáceres",65.48,-0.47,26.71,19.32
2022,7,"Cáceres",68,-0.88,27.47,0.96
2022,8,"Cáceres",73.22,-4.2,35.48,-9.6
2022,9,"Cáceres",68.34,0.85,32.74,5.12
2022,10,"Cáceres",68.4,-4.4,33.71,-4.7
2022,11,"Cáceres",63.71,-0.89,25.62,2.2
2022,12,"Cáceres",72.83,3.47,23.6,10.84
2023,1,"Cáceres",61.4,1.83,18.83,23.1
2023,2,"Cáceres",66.25,2.05,24.25,3.73
2023,3,"Cáceres",65.3,2.71,28.78,22.95
2023,4,"Cáceres",76.35,4.43,42.57,16.64
2023,5,"Cáceres",70.81,2.25,33.64,6.02
2023,6,"Cáceres",65.92,0.67,27.91,4.51
2023,7,"Cáceres",71.08,4.53,29.24,6.42
2023,8,"Cáceres",72.31,-1.24,35.18,-0.83
2023,9,"Cáceres",67.03,-1.91,31.68,-3.25
2023,10,"Cáceres",66.89,-2.22,31.78,-5.7
2023,11,"Cáceres",65.41,2.67,25.3,-1.26
2023,12,"Cáceres",73.44,0.84,23.81,0.88
2021,1,"Cádiz",56.19,-3.29,11.83,-44.96
2021,2,"Cádiz",55.98,-17.44,13.62,-54.26
2021,3,"Cádiz",54.84,-5,14.93,-24.36
2021,4,"Cádiz",60.45,0,16.4,0
2021,5,"Cádiz",81.68,0,30.87,0
2021,6,"Cádiz",105.53,33.95,55.36,136.55
2021,7,"Cádiz",136.85,23.93,96.35,84.11
2021,8,"Cádiz",160.94,14.64,131.39,49.17
2021,9,"Cádiz",106.71,7.32,72.08,88.6
2021,10,"Cádiz",86.34,20.78,48.85,151.84
2021,11,"Cádiz",68.93,28.74,28.79,173.07
2021,12,"Cádiz",64.42,22.79,21.85,92.32
2022,1,"Cádiz",61.39,9.25,18.54,56.73
2022,2,"Cádiz",68.08,21.6,31.05,128
2022,3,"Cádiz",68.12,24.22,30.18,102.17
2022,4,"Cádiz",96.55,59.73,50.28,206.69
2022,5,"Cádiz",90.45,10.74,52.23,69.19
2022,6,"Cádiz",116.61,10.49,79.61,43.8
2022,7,"Cádiz",149.04,8.9,115.06,19.42
2022,8,"Cádiz",168.81,4.89,143.64,9.33
2022,9,"Cádiz",115.12,7.88,82.96,15.09
2022,10,"Cádiz",86.51,0.2,50.19,2.74
2022,11,"Cádiz",68.98,0.08,31.33,8.8
2022,12,"Cádiz",68.24,5.93,24.72,13.12
2023,1,"Cádiz",65.21,6.22,23.78,28.23
2023,2,"Cádiz",73.83,8.45,37.2,19.78
2023,3,"Cádiz",72.11,5.86,36.73,21.68
2023,4,"Cádiz",92.73,-3.96,52.95,5.3
2023,5,"Cádiz",100.76,11.4,57.11,9.35
2023,6,"Cádiz",115.92,-0.59,78.4,-1.52
2023,7,"Cádiz",148.22,-0.55,116.26,1.04
2023,8,"Cádiz",172.16,1.98,144.98,0.93
2023,9,"Cádiz",123.72,7.47,88.89,7.14
2023,10,"Cádiz",93.54,8.12,60.05,19.64
2023,11,"Cádiz",72.64,5.3,35.81,14.32
2023,12,"Cádiz",75.05,9.98,32.1,29.89
2021,1,"Cantabria",49.47,-21.54,8.08,-65
2021,2,"Cantabria",48.77,-21.98,11.08,-56.08
2021,3,"Cantabria",52.79,-9.19,10.94,-21.98
2021,4,"Cantabria",51.92,0,10.15,0
2021,5,"Cantabria",63.53,0,17.64,0
2021,6,"Cantabria",72.37,10.57,31.69,125.75
2021,7,"Cantabria",92.61,13.72,59.13,39.46
2021,8,"Cantabria",107.48,5.06,86.3,15.37
2021,9,"Cantabria",76.45,13.04,44.51,71.55
2021,10,"Cantabria",72.79,27.65,40.77,169.14
2021,11,"Cantabria",65.35,37.57,25.99,207.83
2021,12,"Cantabria",69.72,36.14,25.27,161.57
2022,1,"Cantabria",60.36,22,21.5,166.22
2022,2,"Cantabria",59.17,21.31,25.64,131.4
2022,3,"Cantabria",63.01,19.35,26.7,143.97
2022,4,"Cantabria",76.27,46.9,34.09,235.99
2022,5,"Cantabria",72.74,14.5,36.04,104.38
2022,6,"Cantabria",78.48,8.45,45.58,43.83
2022,7,"Cantabria",100.81,8.86,70.63,19.45
2022,8,"Cantabria",116.98,8.84,92.89,7.64
2022,9,"Cantabria",78.98,3.31,48.72,9.47
2022,10,"Cantabria",66.73,-8.32,36.21,-11.19
2022,11,"Cantabria",60.85,-6.89,24.17,-6.98
2022,12,"Cantabria",68.3,-2.03,24.77,-1.99
2023,1,"Cantabria",60.55,0.32,18.33,-14.76
2023,2,"Cantabria",62.26,5.23,25.04,-2.33
2023,3,"Cantabria",59.43,-5.69,23.85,-10.65
2023,4,"Cantabria",73.17,-4.06,35.09,2.92
2023,5,"Cantabria",70.54,-3.02,31.41,-12.86
2023,6,"Cantabria",78.38,-0.13,42.01,-7.82
2023,7,"Cantabria",104.06,3.22,70.7,0.09
2023,8,"Cantabria",118.39,1.21,93.63,0.8
2023,9,"Cantabria",88.02,11.44,50.8,4.27
2023,10,"Cantabria",77.41,16,40.73,12.5
2023,11,"Cantabria",65.91,8.31,27.53,13.87
2023,12,"Cantabria",73.86,8.15,26.51,7.05
2021,1,"Castellón",48.76,-16.7,8.66,-54.82
2021,2,"Castellón",46.89,-14.23,9.78,-57.2
2021,3,"Castellón",53.62,23.09,11.63,-25.46
2021,4,"Castellón",57.35,0,13.09,0
2021,5,"Castellón",56,0,15.58,0
2021,6,"Castellón",77.37,46.16,33.72,289.8
2021,7,"Castellón",106.57,19.84,64.83,105.43
2021,8,"Castellón",113.99,16.56,85.2,86.86
2021,9,"Castellón",72.25,4.25,42.5,57.09
2021,10,"Castellón",58.13,1.03,25.93,63.94
2021,11,"Castellón",54.9,14.73,21.99,131.29
2021,12,"Castellón",60.73,19.13,21.5,86.01
2022,1,"Castellón",53.08,8.86,13.58,56.85
2022,2,"Castellón",53.01,13.05,20.34,107.91
2022,3,"Castellón",48.91,-8.78,20.6,77.17
2022,4,"Castellón",59.6,3.92,28.03,114.21
2022,5,"Castellón",57.65,2.95,26.57,70.55
2022,6,"Castellón",79.3,2.5,48.17,42.85
2022,7,"Castellón",102.41,-3.9,68.81,6.15
2022,8,"Castellón",114.49,0.44,88.87,4.3
2022,9,"Castellón",74.88,3.65,48.52,14.16
2022,10,"Castellón",55.79,-4.02,27.8,7.24
2022,11,"Castellón",51.43,-6.33,23.08,4.98
2022,12,"Castellón",55.45,-8.7,20.96,-2.52
2023,1,"Castellón",56.59,6.62,21.44,57.91
2023,2,"Castellón",52.84,-0.31,22.7,11.6
2023,3,"Castellón",50.43,3.1,23.43,13.75
2023,4,"Castellón",59.33,-0.45,31.86,13.64
2023,5,"Castellón",57.66,0.02,28.48,7.2
2023,6,"Castellón",83.44,5.22,48.87,1.45
2023,7,"Castellón",106.67,4.17,71.86,4.44
2023,8,"Castellón",124.78,8.99,96.08,8.12
2023,9,"Castellón",76.11,1.63,47.67,-1.74
2023,10,"Castellón",57.81,3.62,29.31,5.42
2023,11,"Castellón",56.71,10.28,27.16,17.68
2023,12,"Castellón",56.91,2.64,23.16,10.5
2021,1,"Ciudad Real",48.89,-5.49,7.75,-38.41
2021,2,"Ciudad Real",49.78,-3.97,10.58,-33.59
2021,3,"Ciudad Real",48.55,-11.65,9.71,-4.39
2021,4,"Ciudad Real",51.1,0,11.37,0
2021,5,"Ciudad Real",50.13,0,14.18,0
2021,6,"Ciudad Real",52.9,9.94,17.15,90.51
2021,7,"Ciudad Real",55.02,1.19,18.16,39.07
2021,8,"Ciudad Real",54.98,6.39,20.52,48.34
2021,9,"Ciudad Real",54.34,8.63,19.78,70.85
2021,10,"Ciudad Real",53.86,7.21,21.71,102.49
2021,11,"Ciudad Real",50.72,1.92,17.78,89.26
2021,12,"Ciudad Real",54.29,10.3,14.53,88.51
2022,1,"Ciudad Real",51.11,4.53,11.84,52.68
2022,2,"Ciudad Real",53.63,7.74,17.73,67.6
2022,3,"Ciudad Real",52.43,7.99,14.8,52.37
2022,4,"Ciudad Real",55.09,7.8,22.99,102.26
2022,5,"Ciudad Real",58.73,17.14,22.84,61.12
2022,6,"Ciudad Real",53.78,1.66,20.42,19.08
2022,7,"Ciudad Real",56.87,3.37,21.43,18.03
2022,8,"Ciudad Real",55.04,0.11,20.98,2.22
2022,9,"Ciudad Real",54.03,-0.56,23.1,16.75
2022,10,"Ciudad Real",60.33,12.01,23.99,10.53
2022,11,"Ciudad Real",52.26,3.04,18.85,5.97
2022,12,"Ciudad Real",55.39,2.03,14.56,0.19
2023,1,"Ciudad Real",53.57,4.82,14.25,20.41
2023,2,"Ciudad Real",54.32,1.29,18.01,1.62
2023,3,"Ciudad Real",54.28,3.53,17.91,21.02
2023,4,"Ciudad Real",55.4,0.57,23.23,1.02
2023,5,"Ciudad Real",58.46,-0.45,22.51,-1.46
2023,6,"Ciudad Real",54.2,0.78,20.08,-1.65
2023,7,"Ciudad Real",55.73,-2.01,20.59,-3.92
2023,8,"Ciudad Real",54.59,-0.81,20.09,-4.22
2023,9,"Ciudad Real",56.65,4.86,23.74,2.81
2023,10,"Ciudad Real",53.05,-12.07,22.29,-7.11
2023,11,"Ciudad Real",53.69,2.73,20.04,6.31
2023,12,"Ciudad Real",57.49,3.78,19.73,35.54
2021,1,"Córdoba",44.08,-13.98,7.89,-65.92
2021,2,"Córdoba",43.31,-27.79,8.52,-71.69
2021,3,"Córdoba",45.87,-22.44,9.88,-39.03
2021,4,"Córdoba",45.38,0,10.29,0
2021,5,"Córdoba",60.5,0,22.97,0
2021,6,"Córdoba",56.7,32.24,21.85,123.95
2021,7,"Córdoba",56.04,-14.89,20.67,-15.99
2021,8,"Córdoba",60.94,3.88,29.51,26.71
2021,9,"Córdoba",64.66,25.35,32.43,102.54
2021,10,"Córdoba",75.2,48.65,43.86,190.83
2021,11,"Córdoba",63.62,60.59,32.17,369.11
2021,12,"Córdoba",70.34,63.81,27.98,223.55
2022,1,"Córdoba",56.99,29.28,19.15,142.6
2022,2,"Córdoba",63.09,45.68,28.93,239.46
2022,3,"Córdoba",67.21,46.5,32,223.87
2022,4,"Córdoba",87.2,92.17,53.63,421.3
2022,5,"Córdoba",98.12,62.18,60.21,162.18
2022,6,"Córdoba",70.87,25,35.6,62.92
2022,7,"Córdoba",59.31,5.83,26.47,28.09
2022,8,"Córdoba",58.57,-3.88,29.69,0.61
2022,9,"Córdoba",72.58,12.24,40.71,25.54
2022,10,"Córdoba",79.26,5.4,47.63,8.59
2022,11,"Córdoba",63.14,-0.76,33.02,2.64
2022,12,"Córdoba",73.41,4.38,32.2,15.09
2023,1,"Córdoba",58.68,2.97,25.81,34.82
2023,2,"Córdoba",63.05,-0.07,31.29,8.15
2023,3,"Córdoba",73.86,9.89,40.91,27.84
2023,4,"Córdoba",105.27,20.72,67.76,26.36
2023,5,"Córdoba",95.11,-3.07,58.03,-3.63
2023,6,"Córdoba",71.29,0.58,37.36,4.93
2023,7,"Córdoba",58.84,-0.78,25.25,-4.61
2023,8,"Córdoba",63.52,8.45,30.88,4
2023,9,"Córdoba",76.52,5.42,45.18,10.98
2023,10,"Córdoba",85.76,8.2,54.05,13.48
2023,11,"Córdoba",69.57,10.18,41.1,24.46
2023,12,"Córdoba",75.92,3.41,37.82,17.46
2021,1,"Cuenca",41.36,-23.28,4.19,-72.16
2021,2,"Cuenca",47.64,-17.36,8.45,-52.83
2021,3,"Cuenca",51.41,-13.43,10.51,8.4
2021,4,"Cuenca",53.94,0,11.72,0
2021,5,"Cuenca",53.62,0,13.22,0
2021,6,"Cuenca",55.95,13.02,16.96,185.02
2021,7,"Cuenca",56.73,-0.61,19.14,15.15
2021,8,"Cuenca",63.17,0.85,31.35,35.35
2021,9,"Cuenca",57.67,0.91,24.85,55.38
2021,10,"Cuenca",65.6,15.57,28.36,129.89
2021,11,"Cuenca",56.03,19.54,19.82,175.53
2021,12,"Cuenca",61.66,29.32,18.01,178.55
2022,1,"Cuenca",52.85,27.76,15.82,277.95
2022,2,"Cuenca",55.36,16.21,20.2,138.97
2022,3,"Cuenca",55.85,8.64,18.06,71.84
2022,4,"Cuenca",64.16,18.95,25.39,116.67
2022,5,"Cuenca",60.21,12.29,22.65,71.28
2022,6,"Cuenca",59.53,6.4,21.87,28.92
2022,7,"Cuenca",59.69,5.22,23.55,23.05
2022,8,"Cuenca",65.01,2.91,26.31,-16.09
2022,9,"Cuenca",63.41,9.94,24.69,-0.64
2022,10,"Cuenca",68.22,4,27.17,-4.2
2022,11,"Cuenca",61.22,9.27,19.78,-0.2
2022,12,"Cuenca",72.91,18.24,18.76,4.21
2023,1,"Cuenca",61.22,15.84,16.46,4.05
2023,2,"Cuenca",59.33,7.17,19.09,-5.5
2023,3,"Cuenca",62.51,11.93,21.51,19.09
2023,4,"Cuenca",74.98,16.86,32.63,28.51
2023,5,"Cuenca",65.81,9.29,22.59,-0.26
2023,6,"Cuenca",60.68,1.93,22.63,3.49
2023,7,"Cuenca",62.66,4.98,21.83,-7.29
2023,8,"Cuenca",67.14,3.27,26.31,0.01
2023,9,"Cuenca",67.54,6.52,26.43,7.06
2023,10,"Cuenca",68.99,1.12,29.47,8.46
2023,11,"Cuenca",63.58,3.85,20.62,4.28
2023,12,"Cuenca",71.99,-1.26,22.78,21.39
2021,1,"Gerona",54.91,-17.6,11.28,-51
2021,2,"Gerona",53.24,-20.33,10.93,-60.51
2021,3,"Gerona",71.18,11.15,21.68,20.4
2021,4,"Gerona",79.45,0,20.8,0
2021,5,"Gerona",84.09,0,24.98,0
2021,6,"Gerona",87.7,9.27,31.26,49.17
2021,7,"Gerona",103.91,9.38,53.63,35.31
2021,8,"Gerona",117.94,7.95,88.03,43.69
2021,9,"Gerona",89.29,10.41,44.79,66.55
2021,10,"Gerona",76.1,9.07,37.19,93.13
2021,11,"Gerona",74.22,36.08,28.6,236.68
2021,12,"Gerona",78.47,16.96,31.79,129.64
2022,1,"Gerona",68.93,25.54,24.67,118.68
2022,2,"Gerona",72.97,37.06,32.21,194.8
2022,3,"Gerona",71.01,-0.24,28.71,32.41
2022,4,"Gerona",75.82,-4.57,34.29,64.9
2022,5,"Gerona",76.35,-9.21,38.08,52.43
2022,6,"Gerona",88.61,1.04,53.11,69.89
2022,7,"Gerona",112.06,7.84,81.65,52.25
2022,8,"Gerona",125.77,6.64,106.01,20.43
2022,9,"Gerona",88.26,-1.16,55.27,23.4
2022,10,"Gerona",73.24,-3.76,39.46,6.1
2022,11,"Gerona",69.9,-5.81,30.17,5.49
2022,12,"Gerona",78.66,0.24,34.89,9.73
2023,1,"Gerona",71.2,3.29,30.56,23.89
2023,2,"Gerona",73.97,1.37,35.4,9.89
2023,3,"Gerona",71.4,0.54,31.84,10.91
2023,4,"Gerona",80.12,5.67,43.68,27.37
2023,5,"Gerona",81.58,6.85,45.37,19.15
2023,6,"Gerona",94.09,6.18,58.99,11.08
2023,7,"Gerona",118.23,5.51,88.19,8.01
2023,8,"Gerona",135.74,7.93,114.41,7.92
2023,9,"Gerona",90.92,3.01,64.15,16.06
2023,10,"Gerona",79.29,8.26,47.46,20.29
2023,11,"Gerona",72.03,3.04,29.69,-1.6
2023,12,"Gerona",82.85,5.33,35,0.33
2021,1,"Granada",81.05,10.95,14.93,-60.74
2021,2,"Granada",56.41,-33.45,9.8,-80.69
2021,3,"Granada",67,-9.59,13.2,-50.07
2021,4,"Granada",53.8,0,10.25,0
2021,5,"Granada",50.42,0,15.2,0
2021,6,"Granada",59.56,22.34,23.4,196.48
2021,7,"Granada",68.97,2.56,33.47,60.58
2021,8,"Granada",79.74,8.34,49.45,67.76
2021,9,"Granada",67.72,19.71,36.87,105.16
2021,10,"Granada",69.75,40.67,40.33,216
2021,11,"Granada",62.32,68.69,28.71,571.41
2021,12,"Granada",93.46,5.42,40.45,132.05
2022,1,"Granada",88.26,8.9,32.35,116.69
2022,2,"Granada",91.84,62.82,45.09,360.16
2022,3,"Granada",77.25,15.29,34.47,161.04
2022,4,"Granada",84.85,57.71,48.21,370.48
2022,5,"Granada",75.45,49.66,42.7,180.91
2022,6,"Granada",76.7,28.77,43.1,84.17
2022,7,"Granada",80.23,16.32,42.43,26.77
2022,8,"Granada",81.69,2.44,50.48,2.08
2022,9,"Granada",76.6,13.11,47.42,28.63
2022,10,"Granada",73.72,5.7,45.59,13.02
2022,11,"Granada",65.8,5.59,32.57,13.45
2022,12,"Granada",85.92,-8.06,37.48,-7.33
2023,1,"Granada",83.58,-5.31,39.1,20.84
2023,2,"Granada",94.34,2.72,51.58,14.4
2023,3,"Granada",84.76,9.72,46.29,34.3
2023,4,"Granada",89.38,5.34,54.83,13.73
2023,5,"Granada",82.33,9.11,49.08,14.97
2023,6,"Granada",86.25,12.45,51.16,18.69
2023,7,"Granada",88.33,10.1,50.34,18.65
2023,8,"Granada",85.66,4.86,53.6,6.19
2023,9,"Granada",89.3,16.58,60.22,26.99
2023,10,"Granada",89.72,21.7,59.62,30.77
2023,11,"Granada",71.52,8.68,37.84,16.2
2023,12,"Granada",87.37,1.68,41.69,11.23
2021,1,"Guadalajara",46.12,-10.09,5.63,-52.71
2021,2,"Guadalajara",47.52,-11.82,8.15,-50.16
2021,3,"Guadalajara",49.72,0.49,9.59,15.28
2021,4,"Guadalajara",50.7,0,9.23,0
2021,5,"Guadalajara",53.62,0,14.4,0
2021,6,"Guadalajara",55.58,26.06,19.3,103.58
2021,7,"Guadalajara",63.12,9.03,21.79,34.65
2021,8,"Guadalajara",65.14,6.24,21.39,16.16
2021,9,"Guadalajara",60.83,6.75,19.78,52.21
2021,10,"Guadalajara",61.66,22.3,22.92,102.69
2021,11,"Guadalajara",56.75,23.8,18.11,112.94
2021,12,"Guadalajara",60.22,22.12,18.58,167.71
2022,1,"Guadalajara",54.17,17.45,12.29,118.25
2022,2,"Guadalajara",57.76,21.53,19.96,145.06
2022,3,"Guadalajara",62.6,25.89,20.07,109.34
2022,4,"Guadalajara",62.74,23.76,22.69,145.76
2022,5,"Guadalajara",61.45,14.61,24.8,72.21
2022,6,"Guadalajara",58.75,5.7,26.44,36.99
2022,7,"Guadalajara",66.55,5.44,30.43,39.67
2022,8,"Guadalajara",64.14,-1.54,24.28,13.51
2022,9,"Guadalajara",62.47,2.69,26.53,34.15
2022,10,"Guadalajara",63.79,3.45,28.04,22.33
2022,11,"Guadalajara",60.2,6.08,23.19,28.01
2022,12,"Guadalajara",68.51,13.77,21.72,16.87
2023,1,"Guadalajara",56.81,4.89,16.66,35.6
2023,2,"Guadalajara",60.79,5.25,22.08,10.63
2023,3,"Guadalajara",62.22,-0.6,23.63,17.75
2023,4,"Guadalajara",67.14,7.01,28.74,26.64
2023,5,"Guadalajara",68.74,11.86,26.04,4.98
2023,6,"Guadalajara",66.68,13.5,30.47,15.23
2023,7,"Guadalajara",68.51,2.94,29.77,-2.17
2023,8,"Guadalajara",67.98,5.98,25.92,6.73
2023,9,"Guadalajara",71.27,14.08,30.28,14.13
2023,10,"Guadalajara",71.31,11.78,30.36,8.28
2023,11,"Guadalajara",64.38,6.93,25.32,9.2
2023,12,"Guadalajara",68.87,0.52,24.1,10.96
2021,1,"Guipúzcoa",57.27,-20.13,11.05,-65.41
2021,2,"Guipúzcoa",59.44,-12.22,12.79,-65.77
2021,3,"Guipúzcoa",65.53,4.42,19.01,-9.83
2021,4,"Guipúzcoa",68.4,0,21.27,0
2021,5,"Guipúzcoa",77.17,0,24.62,0
2021,6,"Guipúzcoa",87.59,26.97,39.83,153.14
2021,7,"Guipúzcoa",125.31,15.58,88.56,57.58
2021,8,"Guipúzcoa",147.52,26.61,124.75,61.88
2021,9,"Guipúzcoa",119.33,40.2,82.31,142.44
2021,10,"Guipúzcoa",99.45,34.71,64.67,199.99
2021,11,"Guipúzcoa",84.82,52.97,42.02,359.71
2021,12,"Guipúzcoa",85.88,38.29,33.42,194.45
2022,1,"Guipúzcoa",68.81,20.14,21.5,94.7
2022,2,"Guipúzcoa",73.73,24.04,36.02,181.56
2022,3,"Guipúzcoa",75.92,15.87,38.47,102.36
2022,4,"Guipúzcoa",99.78,45.86,63.01,196.23
2022,5,"Guipúzcoa",116.43,50.87,74.88,204.11
2022,6,"Guipúzcoa",135.59,54.79,98.3,146.79
2022,7,"Guipúzcoa",160.77,28.3,137.55,55.32
2022,8,"Guipúzcoa",174.86,18.53,154.96,24.21
2022,9,"Guipúzcoa",147.87,23.91,119.2,44.82
2022,10,"Guipúzcoa",117.33,17.97,86.37,33.55
2022,11,"Guipúzcoa",91.76,8.19,50.17,19.4
2022,12,"Guipúzcoa",88.76,3.36,41.44,23.98
2023,1,"Guipúzcoa",77.1,12.05,31.94,48.51
2023,2,"Guipúzcoa",76.9,4.3,38.62,7.22
2023,3,"Guipúzcoa",87.25,14.92,48.25,25.42
2023,4,"Guipúzcoa",110.13,10.38,74.93,18.91
2023,5,"Guipúzcoa",124.15,6.63,94.12,25.7
2023,6,"Guipúzcoa",150.7,11.14,116.85,18.87
2023,7,"Guipúzcoa",180.13,12.04,158.84,15.48
2023,8,"Guipúzcoa",183.84,5.14,161.91,4.48
2023,9,"Guipúzcoa",161.88,9.47,134.98,13.24
2023,10,"Guipúzcoa",130.25,11.02,98.71,14.29
2023,11,"Guipúzcoa",96.09,4.71,55.69,11.01
2023,12,"Guipúzcoa",93.31,5.13,48.47,16.96
2021,1,"Huelva",44.68,-15.28,11.5,-45.32
2021,2,"Huelva",47.74,-5.75,13.75,-44.71
2021,3,"Huelva",49.07,-6.65,14.28,-13.01
2021,4,"Huelva",48.81,0,12.73,0
2021,5,"Huelva",64.39,0,19.92,0
2021,6,"Huelva",85.74,32.36,45.19,137.22
2021,7,"Huelva",113.59,20.21,79.89,94.42
2021,8,"Huelva",154.52,34.89,121.9,98.51
2021,9,"Huelva",108.05,12.1,68.7,92.64
2021,10,"Huelva",73.2,28.43,34.47,78.56
2021,11,"Huelva",64.2,46.4,27.69,251.23
2021,12,"Huelva",67.94,31.52,24.07,151.06
2022,1,"Huelva",61.02,36.56,16.98,47.68
2022,2,"Huelva",64.42,34.92,21.56,56.81
2022,3,"Huelva",88.49,80.35,35.94,151.75
2022,4,"Huelva",66.35,35.93,30.12,136.62
2022,5,"Huelva",71.93,11.71,38.57,93.66
2022,6,"Huelva",91.34,6.52,54.65,20.93
2022,7,"Huelva",118.37,4.22,83.96,5.09
2022,8,"Huelva",139.39,-9.79,108.53,-10.97
2022,9,"Huelva",97.79,-9.5,66.3,-3.5
2022,10,"Huelva",71.6,-2.19,39.51,14.6
2022,11,"Huelva",65.39,1.86,27.64,-0.18
2022,12,"Huelva",66.36,-2.32,21.01,-12.72
2023,1,"Huelva",64.24,5.29,21.34,25.71
2023,2,"Huelva",68.94,7.03,23.09,7.12
2023,3,"Huelva",68.85,-22.2,23.18,-35.49
2023,4,"Huelva",65.71,-0.96,35.91,19.21
2023,5,"Huelva",78.85,9.63,39.26,1.8
2023,6,"Huelva",87.71,-3.97,54.63,-0.04
2023,7,"Huelva",135.72,14.65,100.5,19.7
2023,8,"Huelva",145.08,4.08,113.58,4.65
2023,9,"Huelva",94.5,-3.36,66.85,0.82
2023,10,"Huelva",78.46,9.58,44.37,12.3
2023,11,"Huelva",72.67,11.14,30.84,11.57
2023,12,"Huelva",76.45,15.21,30.22,43.82
2021,1,"Huesca",50.51,-34.44,5.88,-82.2
2021,2,"Huesca",51.99,-32.55,7.06,-81.88
2021,3,"Huesca",57.88,-22.99,9.22,-58.45
2021,4,"Huesca",63.77,0,12.33,0
2021,5,"Huesca",60.91,0,12.87,0
2021,6,"Huesca",64.87,19.01,23.31,105.84
2021,7,"Huesca",71.32,13.31,38.03,67.19
2021,8,"Huesca",82.97,10.95,62.41,58.05
2021,9,"Huesca",67.96,10.1,31.13,65.31
2021,10,"Huesca",64.49,9.82,28.72,92.98
2021,11,"Huesca",56.16,22.75,16.36,186.73
2021,12,"Huesca",82.27,34.46,27.24,282.54
2022,1,"Huesca",86.98,72.19,40.37,586.98
2022,2,"Huesca",82.89,59.42,43.35,513.99
2022,3,"Huesca",73.41,26.82,29.54,220.38
2022,4,"Huesca",67.31,5.56,22.64,83.67
2022,5,"Huesca",56.84,-6.68,20.23,57.17
2022,6,"Huesca",65.17,0.45,29.41,26.16
2022,7,"Huesca",73.3,2.78,40.06,5.33
2022,8,"Huesca",84.26,1.55,57.64,-7.66
2022,9,"Huesca",69.39,2.11,32.32,3.82
2022,10,"Huesca",65.04,0.84,27.87,-2.95
2022,11,"Huesca",58.51,4.19,19.29,17.92
2022,12,"Huesca",85.38,3.78,26.46,-2.88
2023,1,"Huesca",81.14,-6.72,31.04,-23.12
2023,2,"Huesca",87.36,5.4,48.98,12.98
2023,3,"Huesca",82.5,12.38,35.64,20.68
2023,4,"Huesca",70.17,4.24,29.39,29.84
2023,5,"Huesca",63.71,12.09,22.74,12.44
2023,6,"Huesca",70.02,7.45,32.7,11.19
2023,7,"Huesca",77.14,5.24,42.97,7.27
2023,8,"Huesca",89.6,6.34,61.85,7.32
2023,9,"Huesca",69.99,0.87,36.7,13.55
2023,10,"Huesca",67.68,4.07,29.9,7.29
2023,11,"Huesca",63.57,8.65,21.43,11.05
2023,12,"Huesca",82.29,-3.62,27.41,3.58
2021,1,"Islas Baleares",69.54,-11.53,12.09,-66.75
2021,2,"Islas Baleares",63.07,-11.37,13.3,-65.74
2021,3,"Islas Baleares",90.86,28.99,34.31,4.6
2021,4,"Islas Baleares",100.3,0,41.47,0
2021,5,"Islas Baleares",114.39,0,51.73,0
2021,6,"Islas Baleares",117.78,19.13,55.94,144.61
2021,7,"Islas Baleares",139.24,7.11,87.12,71.75
2021,8,"Islas Baleares",152.5,13.52,102.65,91.17
2021,9,"Islas Baleares",118.03,25.86,77.21,183.44
2021,10,"Islas Baleares",96.64,22.96,56.39,200.01
2021,11,"Islas Baleares",92.56,26.23,48.86,166.45
2021,12,"Islas Baleares",104.21,22.18,39.83,97.12
2022,1,"Islas Baleares",91.6,31.72,33.45,176.64
2022,2,"Islas Baleares",85.04,34.83,42.96,222.99
2022,3,"Islas Baleares",85.64,-5.74,46.88,36.63
2022,4,"Islas Baleares",96.86,-3.42,66.64,60.71
2022,5,"Islas Baleares",96.11,-15.97,63.57,22.88
2022,6,"Islas Baleares",119.57,1.52,100.46,79.56
2022,7,"Islas Baleares",152.05,9.2,135.86,55.94
2022,8,"Islas Baleares",160.18,5.03,146.42,42.65
2022,9,"Islas Baleares",126.99,7.59,107.46,39.19
2022,10,"Islas Baleares",100.12,3.6,63.31,12.27
2022,11,"Islas Baleares",88.01,-4.92,48.03,-1.71
2022,12,"Islas Baleares",101.64,-2.47,44.51,11.75
2023,1,"Islas Baleares",98.47,7.49,52.02,55.51
2023,2,"Islas Baleares",84.18,-1.02,48.04,11.83
2023,3,"Islas Baleares",91.19,6.48,54.08,15.36
2023,4,"Islas Baleares",102.27,5.58,75.71,13.6
2023,5,"Islas Baleares",104.51,8.74,76.98,21.1
2023,6,"Islas Baleares",129.43,8.25,110.39,9.89
2023,7,"Islas Baleares",163.2,7.33,145.71,7.25
2023,8,"Islas Baleares",177.66,10.92,163.84,11.89
2023,9,"Islas Baleares",140.53,10.66,122.79,14.26
2023,10,"Islas Baleares",104.3,4.18,69.81,10.27
2023,11,"Islas Baleares",100.19,13.85,58.38,21.55
2023,12,"Islas Baleares",113.48,11.66,56.01,25.86
2021,1,"Jaén",45.27,-13.79,6.17,-52.7
2021,2,"Jaén",44.93,-16.75,8.3,-55.38
2021,3,"Jaén",45.9,-14.7,8.19,-16.77
2021,4,"Jaén",49.93,0,8.26,0
2021,5,"Jaén",51.67,0,15.59,0
2021,6,"Jaén",55.92,12.43,16.57,117.6
2021,7,"Jaén",58.2,-0.13,18.4,9.16
2021,8,"Jaén",62.21,4.71,28.4,34.35
2021,9,"Jaén",61.28,8.34,26.8,60.31
2021,10,"Jaén",59.47,3.8,26.14,88.97
2021,11,"Jaén",57.72,21.74,21.73,183.04
2021,12,"Jaén",58.4,19.7,18.51,192
2022,1,"Jaén",54.23,19.79,12.13,96.6
2022,2,"Jaén",56.1,24.85,20.56,147.88
2022,3,"Jaén",56.99,24.15,17.38,112.21
2022,4,"Jaén",60.56,21.29,27.74,235.95
2022,5,"Jaén",57.79,11.85,25.23,61.78
2022,6,"Jaén",58.72,5.01,22.92,38.32
2022,7,"Jaén",61.6,5.83,23.24,26.33
2022,8,"Jaén",62.32,0.17,27.54,-3.02
2022,9,"Jaén",62.25,1.58,27.13,1.22
2022,10,"Jaén",61.72,3.79,27.53,5.33
2022,11,"Jaén",58.3,1,21.06,-3.09
2022,12,"Jaén",60.4,3.41,19.55,5.61
2023,1,"Jaén",58.09,7.13,15.72,29.6
2023,2,"Jaén",59.97,6.91,23.01,11.9
2023,3,"Jaén",59.74,4.82,23.97,37.87
2023,4,"Jaén",66.21,9.32,32.23,16.19
2023,5,"Jaén",60.42,4.55,24.45,-3.08
2023,6,"Jaén",61.64,4.98,22.47,-1.97
2023,7,"Jaén",62.33,1.19,21.67,-6.79
2023,8,"Jaén",64.22,3.05,26.55,-3.61
2023,9,"Jaén",63.74,2.39,26.7,-1.58
2023,10,"Jaén",64.95,5.24,27.88,1.27
2023,11,"Jaén",60.85,4.39,24.14,14.64
2023,12,"Jaén",66.47,10.05,22.67,15.96
2021,1,"La Rioja",45.21,-27.47,5.57,-71.83
2021,2,"La Rioja",48.22,-25.12,7.6,-74.41
2021,3,"La Rioja",51.06,-27.12,11.16,-41.49
2021,4,"La Rioja",53.1,0,10.2,0
2021,5,"La Rioja",56.49,0,15.57,0
2021,6,"La Rioja",66.01,26.8,21.68,118.19
2021,7,"La Rioja",68.69,10.48,31,40.72
2021,8,"La Rioja",74.24,15.21,49.58,88.1
2021,9,"La Rioja",72.3,18.03,39.04,115.37
2021,10,"La Rioja",75.99,28.35,41.43,191.66
2021,11,"La Rioja",71.39,51.85,31.7,275.33
2021,12,"La Rioja",76.07,53.2,25.12,258.5
2022,1,"La Rioja",66.53,47.17,16.07,188.45
2022,2,"La Rioja",66.64,38.21,23.82,213.43
2022,3,"La Rioja",70.52,38.1,26.99,141.76
2022,4,"La Rioja",72.1,35.78,37.94,271.81
2022,5,"La Rioja",68.55,21.35,38.24,145.61
2022,6,"La Rioja",71.73,8.67,38.29,76.6
2022,7,"La Rioja",73.17,6.53,38.26,23.41
2022,8,"La Rioja",73.38,-1.16,47.68,-3.83
2022,9,"La Rioja",75.22,4.03,46.8,19.87
2022,10,"La Rioja",77.75,2.31,44.65,7.78
2022,11,"La Rioja",70.78,-0.85,32.79,3.45
2022,12,"La Rioja",75.49,-0.76,27.62,9.97
2023,1,"La Rioja",62.12,-6.63,20.09,25.01
2023,2,"La Rioja",64.47,-3.26,27.43,15.15
2023,3,"La Rioja",66.67,-5.47,30.58,13.29
2023,4,"La Rioja",74.86,3.83,41.95,10.58
2023,5,"La Rioja",74.18,8.21,42.72,11.72
2023,6,"La Rioja",73.53,2.51,41.92,9.49
2023,7,"La Rioja",78.57,7.38,40.53,5.94
2023,8,"La Rioja",77.17,5.16,47.31,-0.77
2023,9,"La Rioja",85.58,13.78,53.29,13.86
2023,10,"La Rioja",82.77,6.46,47.21,5.72
2023,11,"La Rioja",73.7,4.11,34.33,4.68
2023,12,"La Rioja",74.63,-1.14,28.95,4.78
2021,1,"Las Palmas",99.8,0.26,21.57,-72.92
2021,2,"Las Palmas",93.52,-7.53,20.7,-74.37
2021,3,"Las Palmas",98.11,-3.82,26.3,-52.99
2021,4,"Las Palmas",99.01,0,29.17,0
2021,5,"Las Palmas",92.54,0,34.52,0
2021,6,"Las Palmas",91.65,32.65,38.8,95.81
2021,7,"Las Palmas",97.38,4.56,52.08,27.62
2021,8,"Las Palmas",105.78,6.34,72.05,44.46
2021,9,"Las Palmas",99.77,15.59,69.4,187.55
2021,10,"Las Palmas",105.28,19.2,82.87,265.62
2021,11,"Las Palmas",109.84,9.84,89.81,184.36
2021,12,"Las Palmas",114.25,4.99,76.37,123.12
2022,1,"Las Palmas",109.47,9.69,64.85,200.64
2022,2,"Las Palmas",112.97,20.8,76.82,271.06
2022,3,"Las Palmas",111.67,13.82,91.12,246.41
2022,4,"Las Palmas",115.1,16.26,86.75,197.37
2022,5,"Las Palmas",99.45,7.47,71.58,107.33
2022,6,"Las Palmas",99.6,8.68,75.13,93.65
2022,7,"Las Palmas",112.95,15.99,90.93,74.59
2022,8,"Las Palmas",118.71,12.23,103.34,43.43
2022,9,"Las Palmas",108.43,8.68,92.64,33.5
2022,10,"Las Palmas",115.02,9.25,94.49,14.02
2022,11,"Las Palmas",119.6,8.89,100.96,12.41
2022,12,"Las Palmas",123.65,8.23,98.01,28.33
2023,1,"Las Palmas",118.91,8.63,100.01,54.22
2023,2,"Las Palmas",124.98,10.63,106.12,38.14
2023,3,"Las Palmas",126.01,12.84,107.02,17.44
2023,4,"Las Palmas",122.71,6.61,92.11,6.18
2023,5,"Las Palmas",103.24,3.81,75.97,6.14
2023,6,"Las Palmas",102.96,3.37,79.62,5.98
2023,7,"Las Palmas",118.38,4.8,95.45,4.97
2023,8,"Las Palmas",126.21,6.32,106.56,3.11
2023,9,"Las Palmas",113.84,4.99,97.91,5.68
2023,10,"Las Palmas",120.1,4.41,101.52,7.44
2023,11,"Las Palmas",130.1,8.78,115.38,14.29
2023,12,"Las Palmas",137.47,11.18,114.44,16.77
2021,1,"León",43.78,-10.79,7.27,-45.37
2021,2,"León",44.85,-10.4,8.24,-55.6
2021,3,"León",42.94,-12.51,9.3,-30.01
2021,4,"León",45.49,0,11.38,0
2021,5,"León",48.38,0,13.67,0
2021,6,"León",54.41,12.6,18.66,101.41
2021,7,"León",56.62,9.9,25.67,66.96
2021,8,"León",60.53,15.61,38.28,78.8
2021,9,"León",58.42,21.08,28.88,107.65
2021,10,"León",58.87,31.03,28.82,243.65
2021,11,"León",52.9,20.37,17.95,107.15
2021,12,"León",59.29,27.82,15.68,97.48
2022,1,"León",48.77,11.4,12.13,66.97
2022,2,"León",48.71,8.6,16.76,103.41
2022,3,"León",52.9,23.19,17.76,91.01
2022,4,"León",60.85,33.77,25.44,123.52
2022,5,"León",59.07,22.09,29.63,116.75
2022,6,"León",59.97,10.23,31.84,70.63
2022,7,"León",62.22,9.89,31.5,22.72
2022,8,"León",64.18,6.02,39.85,4.1
2022,9,"León",60.62,3.77,32.71,13.25
2022,10,"León",59.18,0.53,29.28,1.58
2022,11,"León",53.52,1.18,17.45,-2.78
2022,12,"León",56.63,-4.49,16.69,6.45
2023,1,"León",55.36,13.5,14.96,23.25
2023,2,"León",53.88,10.61,19.14,14.17
2023,3,"León",55.69,5.28,21.46,20.85
2023,4,"León",64.44,5.91,34.2,34.45
2023,5,"León",59.04,-0.05,29.5,-0.44
2023,6,"León",63.11,5.23,32.37,1.66
2023,7,"León",62.83,0.98,29.71,-5.69
2023,8,"León",65.81,2.54,39.37,-1.19
2023,9,"León",63.65,5,35.75,9.31
2023,10,"León",63,6.45,32.69,11.66
2023,11,"León",56.23,5.07,23.21,33.02
2023,12,"León",59.77,5.54,20.63,23.59
2021,1,"Lleida",73.3,-17.01,16,-53.54
2021,2,"Lleida",65.76,-31.98,12.53,-73.22
2021,3,"Lleida",69.87,-8.76,17.49,-19.42
2021,4,"Lleida",71.28,0,19,0
2021,5,"Lleida",57.99,0,16.18,0
2021,6,"Lleida",60.51,23.13,21.29,144.95
2021,7,"Lleida",66.59,9.64,31.99,66.58
2021,8,"Lleida",78.6,8.18,51.46,26.44
2021,9,"Lleida",63.94,4.66,25.04,31.1
2021,10,"Lleida",63.33,14.12,23.75,82.94
2021,11,"Lleida",57.21,25.27,18.31,152.33
2021,12,"Lleida",93.83,-6.42,37.22,78.01
2022,1,"Lleida",97.66,33.24,41.63,160.14
2022,2,"Lleida",109.19,66.05,57.1,355.65
2022,3,"Lleida",83.52,19.54,31.14,78.02
2022,4,"Lleida",68.18,-4.34,23.49,23.65
2022,5,"Lleida",60.56,4.43,20.8,28.57
2022,6,"Lleida",66.22,9.44,27.99,31.46
2022,7,"Lleida",71.36,7.17,33.45,4.55
2022,8,"Lleida",78.79,0.25,47.09,-8.48
2022,9,"Lleida",67.62,5.76,27.67,10.53
2022,10,"Lleida",64.49,1.83,24.57,3.46
2022,11,"Lleida",58.83,2.83,20.42,11.53
2022,12,"Lleida",108.98,16.14,44.3,19.04
2023,1,"Lleida",96.86,-0.81,41.43,-0.48
2023,2,"Lleida",111.85,2.44,59,3.33
2023,3,"Lleida",90.26,8.07,38.26,22.86
2023,4,"Lleida",70.32,3.13,25.35,7.92
2023,5,"Lleida",62.72,3.56,20.67,-0.62
2023,6,"Lleida",66.64,0.64,27.13,-3.09
2023,7,"Lleida",73.13,2.48,33.93,1.44
2023,8,"Lleida",85.1,8,52.4,11.28
2023,9,"Lleida",70.66,4.5,30.91,11.69
2023,10,"Lleida",69.17,7.27,28.28,15.09
2023,11,"Lleida",63.47,7.89,18.65,-8.71
2023,12,"Lleida",121.07,11.09,45.23,2.09
2021,1,"Lugo",39.37,-21.2,3.97,-62.31
2021,2,"Lugo",40.35,-21.48,4.77,-67.86
2021,3,"Lugo",42.75,6.91,6.35,16.6
2021,4,"Lugo",45.49,0,7.27,0
2021,5,"Lugo",45.83,0,10.15,0
2021,6,"Lugo",54.68,25.83,17.79,189.15
2021,7,"Lugo",65.2,7.41,31.45,97.95
2021,8,"Lugo",71.69,3.06,48.68,61.14
2021,9,"Lugo",58.48,0.66,28.27,95.15
2021,10,"Lugo",54.62,10.15,23,120.53
2021,11,"Lugo",53.72,24.95,14.66,146.72
2021,12,"Lugo",52.86,30.75,11.97,199.52
2022,1,"Lugo",49.47,25.64,9.66,143.63
2022,2,"Lugo",55.31,37.1,13.91,191.6
2022,3,"Lugo",54.49,27.47,14.48,128.04
2022,4,"Lugo",56.69,24.62,21.34,193.46
2022,5,"Lugo",54.46,18.83,23.27,129.25
2022,6,"Lugo",56.77,3.83,26.41,48.5
2022,7,"Lugo",62.16,-4.66,33.45,6.38
2022,8,"Lugo",70.26,-1.99,46.32,-4.86
2022,9,"Lugo",58.88,0.69,30.4,7.55
2022,10,"Lugo",55.44,1.51,24.53,6.62
2022,11,"Lugo",53.14,-1.07,16.54,12.8
2022,12,"Lugo",52.31,-1.04,12.52,4.56
2023,1,"Lugo",52.96,7.06,12.66,31
2023,2,"Lugo",51.45,-6.98,13.69,-1.6
2023,3,"Lugo",51.43,-5.62,14.93,3.15
2023,4,"Lugo",56.73,0.06,23.15,8.48
2023,5,"Lugo",64.31,18.09,27.83,19.6
2023,6,"Lugo",60.54,6.63,27.31,3.38
2023,7,"Lugo",64.19,3.27,30.8,-7.92
2023,8,"Lugo",74.42,5.91,48.15,3.96
2023,9,"Lugo",61.51,4.48,32.28,6.2
2023,10,"Lugo",56.9,2.63,25.12,2.43
2023,11,"Lugo",54.09,1.79,15.01,-9.26
2023,12,"Lugo",55.49,6.06,12.07,-3.6
2021,1,"Madrid",55.73,-35.63,15.61,-72.01
2021,2,"Madrid",58.77,-34.33,18.46,-70.54
2021,3,"Madrid",62.12,-18.15,20.79,-22.85
2021,4,"Madrid",64.3,0,20.62,0
2021,5,"Madrid",68.57,0,27.14,0
2021,6,"Madrid",69.54,40.98,29.95,91.45
2021,7,"Madrid",75.15,29.03,34.14,56.37
2021,8,"Madrid",71.71,29.98,32.01,96.36
2021,9,"Madrid",84.09,41.35,48.24,193.2
2021,10,"Madrid",97.77,80.95,64.43,430.88
2021,11,"Madrid",93.81,67.74,58.58,287.01
2021,12,"Madrid",95.38,67.08,50.56,196.46
2022,1,"Madrid",84.62,51.85,35.29,126.12
2022,2,"Madrid",87.72,49.26,48.91,164.97
2022,3,"Madrid",97.04,56.21,60.91,192.94
2022,4,"Madrid",101.49,57.84,68.49,232.15
2022,5,"Madrid",113.29,65.21,82.41,203.62
2022,6,"Madrid",116.38,67.37,86.53,188.9
2022,7,"Madrid",105.72,40.68,67.36,97.31
2022,8,"Madrid",88.37,23.22,48.89,52.74
2022,9,"Madrid",117.74,40.03,89.22,84.96
2022,10,"Madrid",127.03,29.93,99.69,54.73
2022,11,"Madrid",111.85,19.23,79.84,36.3
2022,12,"Madrid",108.5,13.76,65.89,30.33
2023,1,"Madrid",104.87,23.93,61.3,73.69
2023,2,"Madrid",104.73,19.4,67.93,38.9
2023,3,"Madrid",113.65,17.12,81.75,34.22
2023,4,"Madrid",122.56,20.75,91.85,34.11
2023,5,"Madrid",125.62,10.88,95.64,16.05
2023,6,"Madrid",125.67,7.98,98.31,13.61
2023,7,"Madrid",111.43,5.4,77.11,14.47
2023,8,"Madrid",93.59,5.91,56.46,15.48
2023,9,"Madrid",130.3,10.66,103.64,16.17
2023,10,"Madrid",152.68,20.19,122.73,23.11
2023,11,"Madrid",120.3,7.56,92.81,16.25
2023,12,"Madrid",115.44,6.39,76.07,15.45
2021,1,"Málaga",70.1,-1.02,10.4,-73
2021,2,"Málaga",71.67,2.94,11.28,-73.87
2021,3,"Málaga",79.02,22.37,16.79,-32.97
2021,4,"Málaga",110.79,0,28.11,0
2021,5,"Málaga",105.68,0,38.07,0
2021,6,"Málaga",102.55,41.24,47.06,222.03
2021,7,"Málaga",131.32,16.63,84.17,103.77
2021,8,"Málaga",156.18,37.11,123.98,137.03
2021,9,"Málaga",118.46,41.43,79.92,267.37
2021,10,"Málaga",107.4,40.79,70.3,309.35
2021,11,"Málaga",90.6,39.41,47.2,425.72
2021,12,"Málaga",94.93,15.8,40.53,219.19
2022,1,"Málaga",80.88,15.38,28.32,172.33
2022,2,"Málaga",81.95,14.35,43.41,284.83
2022,3,"Málaga",85.44,8.13,50.37,200.07
2022,4,"Málaga",107.09,-3.34,75,166.77
2022,5,"Málaga",109.88,3.98,83.54,119.43
2022,6,"Málaga",125.65,22.52,100.93,114.46
2022,7,"Málaga",159.06,21.12,128.77,52.99
2022,8,"Málaga",172.59,10.51,147.71,19.14
2022,9,"Málaga",130.46,10.13,105.29,31.75
2022,10,"Málaga",107.71,0.29,81.3,15.65
2022,11,"Málaga",90.04,-0.61,53.61,13.57
2022,12,"Málaga",100.57,5.94,52.41,29.29
2023,1,"Málaga",83.53,3.28,42.88,51.37
2023,2,"Málaga",84.47,3.06,51.49,18.6
2023,3,"Málaga",94.99,11.17,64.96,28.96
2023,4,"Málaga",115.34,7.7,88.38,17.84
2023,5,"Málaga",120.34,9.52,93.75,12.21
2023,6,"Málaga",138.52,10.24,108.78,7.78
2023,7,"Málaga",167.83,5.51,136.08,5.68
2023,8,"Málaga",180.55,4.61,155.54,5.3
2023,9,"Málaga",137.24,5.19,114.77,9.01
2023,10,"Málaga",121.01,12.35,96.1,18.21
2023,11,"Málaga",98.28,9.15,64.06,19.51
2023,12,"Málaga",111.45,10.83,57.52,9.76
2021,1,"Murcia",48.25,-14.26,10.17,-55.68
2021,2,"Murcia",47.04,-12.78,13.05,-52.72
2021,3,"Murcia",49.61,-10.1,15.08,-13.87
2021,4,"Murcia",54.49,0,17.69,0
2021,5,"Murcia",54.62,0,19.45,0
2021,6,"Murcia",61.43,22.29,26.77,106.76
2021,7,"Murcia",72.36,2.14,41.43,76.19
2021,8,"Murcia",81.7,-5.66,54,53.47
2021,9,"Murcia",66.68,7.74,34.82,102.91
2021,10,"Murcia",61.82,17.79,32.67,125.03
2021,11,"Murcia",59.25,28.39,29.93,164.35
2021,12,"Murcia",59.52,26.41,24.83,105.01
2022,1,"Murcia",57.63,19.43,19.09,87.59
2022,2,"Murcia",55.58,18.15,29.42,125.41
2022,3,"Murcia",56.88,14.65,28.21,87.08
2022,4,"Murcia",62.87,15.38,35.61,101.29
2022,5,"Murcia",57.55,5.35,32.87,68.95
2022,6,"Murcia",70.17,14.24,40.02,49.48
2022,7,"Murcia",82.39,13.85,50.57,22.07
2022,8,"Murcia",88.8,8.69,60.99,12.94
2022,9,"Murcia",67.68,1.49,39.22,12.65
2022,10,"Murcia",60.42,-2.26,33.09,1.28
2022,11,"Murcia",57.49,-2.96,28.38,-5.16
2022,12,"Murcia",60.21,1.16,25.75,3.71
2023,1,"Murcia",58.36,1.27,24.84,30.15
2023,2,"Murcia",58.12,4.58,30.84,4.82
2023,3,"Murcia",56.02,-1.51,30.71,8.87
2023,4,"Murcia",63.84,1.54,37.65,5.71
2023,5,"Murcia",61.36,6.62,34.21,4.09
2023,6,"Murcia",67.59,-3.68,40.61,1.47
2023,7,"Murcia",87.64,6.38,53.64,6.07
2023,8,"Murcia",92.66,4.34,62.11,1.82
2023,9,"Murcia",74.58,10.2,44.88,14.43
2023,10,"Murcia",66.06,9.33,34.93,5.55
2023,11,"Murcia",64.17,11.61,33.81,19.14
2023,12,"Murcia",64.63,7.34,30.47,18.34
2021,1,"Navarra",52.68,-13.12,11.87,-46.09
2021,2,"Navarra",52.88,-11.97,14.8,-42.21
2021,3,"Navarra",56.33,-5.5,14.74,-8.28
2021,4,"Navarra",56.46,0,15.12,0
2021,5,"Navarra",58.13,0,20.16,0
2021,6,"Navarra",59.09,5.92,23.64,106.65
2021,7,"Navarra",65.65,2.43,32.29,29.85
2021,8,"Navarra",72.57,5.17,53.01,73.89
2021,9,"Navarra",65.87,4.62,38.28,89.42
2021,10,"Navarra",67.77,19.42,40.82,170.2
2021,11,"Navarra",62.83,17.64,27.62,126.78
2021,12,"Navarra",61.79,5.04,20.35,72.3
2022,1,"Navarra",56.76,7.75,16.93,42.68
2022,2,"Navarra",62.08,17.39,24.94,68.52
2022,3,"Navarra",60.44,7.3,27.68,87.87
2022,4,"Navarra",69.82,23.67,37.61,148.77
2022,5,"Navarra",71.86,23.6,41.76,107.19
2022,6,"Navarra",71.56,21.1,42.01,77.72
2022,7,"Navarra",97.37,48.33,58.15,80.08
2022,8,"Navarra",77.78,7.19,53.74,1.38
2022,9,"Navarra",75.48,14.59,46.81,22.29
2022,10,"Navarra",74.86,10.46,44.71,9.54
2022,11,"Navarra",70.1,11.58,33.23,20.28
2022,12,"Navarra",68.51,10.88,25.7,26.29
2023,1,"Navarra",65.63,15.61,21.8,28.75
2023,2,"Navarra",64.38,3.71,27.43,9.99
2023,3,"Navarra",68.1,12.68,32.97,19.11
2023,4,"Navarra",79.74,14.21,47.62,26.59
2023,5,"Navarra",79.37,10.46,48.66,16.51
2023,6,"Navarra",78.81,10.12,47.15,12.22
2023,7,"Navarra",111.33,14.33,65.98,13.47
2023,8,"Navarra",86.48,11.18,60.25,12.12
2023,9,"Navarra",80.62,6.81,54.27,15.92
2023,10,"Navarra",81.71,9.15,49.34,10.34
2023,11,"Navarra",73.22,4.44,35.87,7.95
2023,12,"Navarra",75.95,10.86,29.17,13.48
2021,1,"Orense",43.08,-3.1,6.09,-47.42
2021,2,"Orense",42.39,-10.48,7.54,-53.83
2021,3,"Orense",51.09,16.58,9.77,-16.25
2021,4,"Orense",50.56,0,11.32,0
2021,5,"Orense",50.87,0,13.11,0
2021,6,"Orense",53.1,29.81,16.03,62.04
2021,7,"Orense",57.29,6.45,23.74,54
2021,8,"Orense",62.15,8.56,33.71,45.1
2021,9,"Orense",55.03,2.41,24.96,68.32
2021,10,"Orense",56.06,12.64,23.4,174.1
2021,11,"Orense",52.37,16.03,15.56,127.07
2021,12,"Orense",51.49,3.72,13.11,62.48
2022,1,"Orense",46.73,8.46,9.05,48.59
2022,2,"Orense",48.84,15.22,14.78,96.05
2022,3,"Orense",51.34,0.5,15.07,54.25
2022,4,"Orense",57.02,12.78,21.04,85.86
2022,5,"Orense",55.76,9.61,22.62,72.57
2022,6,"Orense",54.54,2.72,23.18,44.55
2022,7,"Orense",58.76,2.56,23.42,-1.38
2022,8,"Orense",64.1,3.15,35.47,5.22
2022,9,"Orense",56.93,3.45,25.81,3.41
2022,10,"Orense",54.42,-2.93,22.76,-2.72
2022,11,"Orense",50.88,-2.84,17.52,12.62
2022,12,"Orense",57.07,10.83,16.04,22.37
2023,1,"Orense",46.87,0.3,11.81,30.43
2023,2,"Orense",47.97,-1.79,16.29,10.15
2023,3,"Orense",51.55,0.41,16.9,12.13
2023,4,"Orense",59.66,4.62,24.64,17.12
2023,5,"Orense",51.67,-7.34,20.38,-9.91
2023,6,"Orense",56.22,3.08,23.51,1.45
2023,7,"Orense",59.13,0.63,24.52,4.73
2023,8,"Orense",65.55,2.26,33.33,-6.03
2023,9,"Orense",59.31,4.17,25.98,0.65
2023,10,"Orense",59.43,9.21,23.67,3.98
2023,11,"Orense",58.19,14.36,20.49,16.91
2023,12,"Orense",55.6,-2.57,17.67,10.13
2021,1,"Palencia",46.36,6.33,10.68,-23.94
2021,2,"Palencia",45.78,0,13.65,-16.31
2021,3,"Palencia",48.76,3.5,11.26,-34.16
2021,4,"Palencia",49.55,0,13.68,0
2021,5,"Palencia",49.71,0,16.3,0
2021,6,"Palencia",50.93,-2.91,18.95,89.92
2021,7,"Palencia",53.58,4.85,23.91,24.73
2021,8,"Palencia",54.92,-1.84,32.65,28.49
2021,9,"Palencia",52,3.28,25.99,56.88
2021,10,"Palencia",50.97,8.43,23.38,70.9
2021,11,"Palencia",47.67,5.98,19.79,46.25
2021,12,"Palencia",49.39,5.95,15.62,29.14
2022,1,"Palencia",45.35,-2.17,13.63,27.56
2022,2,"Palencia",46.02,0.52,19.44,42.48
2022,3,"Palencia",45.76,-6.16,21.72,92.92
2022,4,"Palencia",51.85,4.65,23.9,74.7
2022,5,"Palencia",50.1,0.78,24.09,47.79
2022,6,"Palencia",52.2,2.49,25.99,37.14
2022,7,"Palencia",54.51,1.74,26.45,10.64
2022,8,"Palencia",56.74,3.32,33.79,3.49
2022,9,"Palencia",54.77,5.34,27.73,6.7
2022,10,"Palencia",53.93,5.81,24.21,3.57
2022,11,"Palencia",50.13,5.17,20.7,4.6
2022,12,"Palencia",49.14,-0.51,18.74,19.99
2023,1,"Palencia",47.01,3.66,14.56,6.85
2023,2,"Palencia",46.7,1.49,19.51,0.36
2023,3,"Palencia",49.01,7.11,22.25,2.44
2023,4,"Palencia",54.62,5.34,25.83,8.07
2023,5,"Palencia",54.15,8.08,23.85,-0.99
2023,6,"Palencia",53.63,2.73,29.85,14.86
2023,7,"Palencia",54.79,0.51,31.2,17.94
2023,8,"Palencia",57.78,1.83,38.16,12.92
2023,9,"Palencia",55.66,1.62,32.72,18
2023,10,"Palencia",55.34,2.6,27.64,14.16
2023,11,"Palencia",51.23,2.19,23.83,15.15
2023,12,"Palencia",52.42,6.68,22.05,17.62
2021,1,"Pontevedra",47.58,-13.18,8.25,-46.8
2021,2,"Pontevedra",45.37,-17.34,7.95,-55.44
2021,3,"Pontevedra",49.28,-9.91,9.86,-18.78
2021,4,"Pontevedra",52.29,0,10.18,0
2021,5,"Pontevedra",57.64,0,15.16,0
2021,6,"Pontevedra",63.06,26.74,22.15,109.76
2021,7,"Pontevedra",74.03,5.66,39.04,53.27
2021,8,"Pontevedra",86.31,8.95,62.41,61.64
2021,9,"Pontevedra",64.94,2.2,31.44,75.25
2021,10,"Pontevedra",60.58,15.08,28.49,131.58
2021,11,"Pontevedra",58.69,28.79,22.12,184.86
2021,12,"Pontevedra",64.05,33.99,24.52,265.05
2022,1,"Pontevedra",53.74,12.94,11.82,43.27
2022,2,"Pontevedra",57.65,27.06,17.79,123.73
2022,3,"Pontevedra",56.29,14.22,19.05,93.28
2022,4,"Pontevedra",60.09,14.91,21.87,114.76
2022,5,"Pontevedra",62.65,8.7,24.72,63.07
2022,6,"Pontevedra",64.85,2.82,30.55,37.91
2022,7,"Pontevedra",78.43,5.94,49.06,25.67
2022,8,"Pontevedra",92.08,6.68,68.02,8.98
2022,9,"Pontevedra",65.17,0.36,34.3,9.1
2022,10,"Pontevedra",66.32,9.48,33.27,16.78
2022,11,"Pontevedra",62.36,6.25,26.46,19.65
2022,12,"Pontevedra",77.96,21.72,35.36,44.19
2023,1,"Pontevedra",61.12,13.73,19.22,62.68
2023,2,"Pontevedra",59.22,2.71,19.45,9.31
2023,3,"Pontevedra",60.81,8.03,19.9,4.45
2023,4,"Pontevedra",65.07,8.28,28.17,28.8
2023,5,"Pontevedra",64.86,3.53,25.39,2.72
2023,6,"Pontevedra",68.03,4.92,30.63,0.27
2023,7,"Pontevedra",82.08,4.66,49.56,1.02
2023,8,"Pontevedra",97.08,5.43,70.72,3.97
2023,9,"Pontevedra",72.75,11.64,38.67,12.73
2023,10,"Pontevedra",73.07,10.18,37.95,14.07
2023,11,"Pontevedra",65.84,5.59,25.15,-4.94
2023,12,"Pontevedra",90.04,15.49,42.1,19.07
2021,1,"Salamanca",42.36,-15.05,5.68,-66.49
2021,2,"Salamanca",39.95,-22.4,8.75,-60.3
2021,3,"Salamanca",45.01,-15.29,10.97,-31.42
2021,4,"Salamanca",46.09,0,9.13,0
2021,5,"Salamanca",50.46,0,15.04,0
2021,6,"Salamanca",54.52,23.22,18.13,111.08
2021,7,"Salamanca",56.92,8.28,24.91,56.4
2021,8,"Salamanca",60.44,10.35,36.38,75.11
2021,9,"Salamanca",58.73,16.64,31.25,161.38
2021,10,"Salamanca",59.53,23.04,30.68,227.84
2021,11,"Salamanca",54.99,29.53,21.79,225.74
2021,12,"Salamanca",64.79,52.65,22.47,237.52
2022,1,"Salamanca",52.49,23.92,12.65,122.72
2022,2,"Salamanca",54.87,37.35,22.16,153.3
2022,3,"Salamanca",53.79,19.51,21.56,96.48
2022,4,"Salamanca",63.87,38.57,29.18,219.47
2022,5,"Salamanca",58.78,16.49,24.73,64.37
2022,6,"Salamanca",58.6,7.49,28.02,54.56
2022,7,"Salamanca",58.54,2.84,28.53,14.55
2022,8,"Salamanca",61.38,1.56,39,7.2
2022,9,"Salamanca",62.37,6.2,35.61,13.95
2022,10,"Salamanca",61.32,3.01,32.1,4.63
2022,11,"Salamanca",55.28,0.53,23.06,5.81
2022,12,"Salamanca",58.75,-9.34,23.41,4.19
2023,1,"Salamanca",54.3,3.45,18.91,49.53
2023,2,"Salamanca",56.06,2.18,24.71,11.48
2023,3,"Salamanca",55.48,3.14,26.04,20.77
2023,4,"Salamanca",68.52,7.28,39.26,34.55
2023,5,"Salamanca",60.81,3.45,30.01,21.38
2023,6,"Salamanca",61.57,5.06,32.11,14.59
2023,7,"Salamanca",62.75,7.18,31.26,9.58
2023,8,"Salamanca",65.45,6.63,38.51,-1.27
2023,9,"Salamanca",67.11,7.59,44.46,24.85
2023,10,"Salamanca",64.37,4.97,37.66,17.32
2023,11,"Salamanca",62.42,12.91,28.9,25.35
2023,12,"Salamanca",62.85,6.99,28.25,20.68
2021,1,"Santa Cruz de Tenerife",107.14,-2.27,19.85,-78.59
2021,2,"Santa Cruz de Tenerife",105.85,-7.6,27.08,-71.81
2021,3,"Santa Cruz de Tenerife",112.55,2.09,36.21,-39.7
2021,4,"Santa Cruz de Tenerife",123.35,0,40.61,0
2021,5,"Santa Cruz de Tenerife",104.68,0,43.63,0
2021,6,"Santa Cruz de Tenerife",104.62,83.39,43.83,342.24
2021,7,"Santa Cruz de Tenerife",111.5,19.63,55.26,53.39
2021,8,"Santa Cruz de Tenerife",117.38,16.16,76.25,62.33
2021,9,"Santa Cruz de Tenerife",105.54,8.32,68.83,109.28
2021,10,"Santa Cruz de Tenerife",119.5,17.11,87.32,230.12
2021,11,"Santa Cruz de Tenerife",124.59,14.65,96.73,191.77
2021,12,"Santa Cruz de Tenerife",123.72,-2.66,78.86,97.35
2022,1,"Santa Cruz de Tenerife",122.88,14.7,73.89,272.23
2022,2,"Santa Cruz de Tenerife",128.33,21.24,92.88,243.01
2022,3,"Santa Cruz de Tenerife",125.38,11.39,99.24,174.1
2022,4,"Santa Cruz de Tenerife",126.64,2.67,94.99,133.92
2022,5,"Santa Cruz de Tenerife",104.04,-0.61,74.83,71.51
2022,6,"Santa Cruz de Tenerife",105.27,0.62,78.58,79.29
2022,7,"Santa Cruz de Tenerife",112.1,0.54,88.45,60.07
2022,8,"Santa Cruz de Tenerife",119.64,1.92,99.15,30.03
2022,9,"Santa Cruz de Tenerife",111.14,5.3,90.54,31.56
2022,10,"Santa Cruz de Tenerife",116.95,-2.13,94.05,7.7
2022,11,"Santa Cruz de Tenerife",125.88,1.04,106.73,10.34
2022,12,"Santa Cruz de Tenerife",132.96,7.48,106.87,35.51
2023,1,"Santa Cruz de Tenerife",129.59,5.45,110.68,49.78
2023,2,"Santa Cruz de Tenerife",135.15,5.31,119.1,28.23
2023,3,"Santa Cruz de Tenerife",131.86,5.17,113.36,14.22
2023,4,"Santa Cruz de Tenerife",127.64,0.79,100.86,6.18
2023,5,"Santa Cruz de Tenerife",108.99,4.76,81.98,9.56
2023,6,"Santa Cruz de Tenerife",108.31,2.89,84.93,8.08
2023,7,"Santa Cruz de Tenerife",122.38,9.16,97.95,10.73
2023,8,"Santa Cruz de Tenerife",129.51,8.25,107.37,8.3
2023,9,"Santa Cruz de Tenerife",117.89,6.07,98.41,8.68
2023,10,"Santa Cruz de Tenerife",127.21,8.77,107.76,14.58
2023,11,"Santa Cruz de Tenerife",137.41,9.16,122.06,14.36
2023,12,"Santa Cruz de Tenerife",145.51,9.44,120.79,13.03
2021,1,"Segovia",48.69,-20.02,3.67,-79.62
2021,2,"Segovia",47.33,-19.12,4.77,-76.39
2021,3,"Segovia",51.67,-17.07,7.08,-39.46
2021,4,"Segovia",55.64,0,6.53,0
2021,5,"Segovia",64.42,0,13.4,0
2021,6,"Segovia",66.44,29.12,19.15,217.14
2021,7,"Segovia",72.98,9.14,32.01,61.46
2021,8,"Segovia",75.82,7.82,43.41,60.07
2021,9,"Segovia",75.8,19.13,32.73,104.62
2021,10,"Segovia",72.37,20.42,33.31,193.85
2021,11,"Segovia",72.02,69.22,22.11,449.86
2021,12,"Segovia",86.12,70.97,23.01,403.14
2022,1,"Segovia",75.96,55.99,17.89,387.76
2022,2,"Segovia",68.63,44.99,24.23,407.97
2022,3,"Segovia",63.55,23,22.57,218.74
2022,4,"Segovia",75.07,34.92,32.79,402.45
2022,5,"Segovia",70.56,9.53,29.63,121.13
2022,6,"Segovia",73.82,11.11,32.25,68.39
2022,7,"Segovia",79.52,8.97,36.99,15.54
2022,8,"Segovia",79.03,4.23,39.16,-9.81
2022,9,"Segovia",75.66,-0.18,38.37,17.21
2022,10,"Segovia",74.91,3.51,37.14,11.5
2022,11,"Segovia",65.99,-8.37,27.24,23.2
2022,12,"Segovia",77.92,-9.53,25.11,9.1
2023,1,"Segovia",61.88,-18.53,22.21,24.17
2023,2,"Segovia",63.56,-7.38,25.6,5.66
2023,3,"Segovia",63.57,0.03,27.3,21
2023,4,"Segovia",73.76,-1.74,41.73,27.25
2023,5,"Segovia",68.2,-3.34,31.06,4.82
2023,6,"Segovia",75.7,2.55,33.08,2.58
2023,7,"Segovia",77.91,-2.02,36.73,-0.71
2023,8,"Segovia",81.03,2.54,46.95,19.9
2023,9,"Segovia",72.9,-3.65,44.2,15.19
2023,10,"Segovia",74.16,-1,41.16,10.84
2023,11,"Segovia",67.14,1.74,29.85,9.58
2023,12,"Segovia",87.53,12.33,33.5,33.44
2021,1,"Sevilla",50.08,-33.02,9.53,-77.76
2021,2,"Sevilla",53.64,-29.36,12.83,-74.07
2021,3,"Sevilla",54.87,-30.9,13.89,-59.01
2021,4,"Sevilla",62.88,0,16.82,0
2021,5,"Sevilla",69.22,0,25.61,0
2021,6,"Sevilla",74.41,37.37,36.95,189.19
2021,7,"Sevilla",65.29,4.76,30.31,30.72
2021,8,"Sevilla",69.95,11.14,39.77,76.39
2021,9,"Sevilla",87.21,37.84,51.07,145.21
2021,10,"Sevilla",96.66,65.1,64.65,255.96
2021,11,"Sevilla",90.52,82.09,56.92,472.83
2021,12,"Sevilla",88.16,72.85,45.1,360.13
2022,1,"Sevilla",75.05,49.84,29.65,211.18
2022,2,"Sevilla",82.32,53.48,46.03,258.63
2022,3,"Sevilla",87.32,59.13,53.76,286.91
2022,4,"Sevilla",117.96,87.6,82.81,392.18
2022,5,"Sevilla",122.94,77.61,90.36,252.87
2022,6,"Sevilla",95.05,27.75,67.21,81.89
2022,7,"Sevilla",80.43,23.18,43.73,44.3
2022,8,"Sevilla",72.83,4.12,46.06,15.83
2022,9,"Sevilla",103.69,18.9,76.5,49.78
2022,10,"Sevilla",112.47,16.36,83.81,29.64
2022,11,"Sevilla",92.82,2.55,61.78,8.52
2022,12,"Sevilla",89.32,1.32,45.55,1
2023,1,"Sevilla",81.54,8.66,40.81,37.62
2023,2,"Sevilla",88.93,8.03,56.05,21.78
2023,3,"Sevilla",99.08,13.47,70.42,30.99
2023,4,"Sevilla",145.31,23.18,109.8,32.6
2023,5,"Sevilla",128.66,4.65,96.43,6.71
2023,6,"Sevilla",104.63,10.08,70.64,5.11
2023,7,"Sevilla",78.94,-1.85,44.59,1.96
2023,8,"Sevilla",76.83,5.5,48.7,5.72
2023,9,"Sevilla",116.91,12.74,89.02,16.37
2023,10,"Sevilla",129.01,14.71,101.43,21.01
2023,11,"Sevilla",113.14,21.89,79.7,29.02
2023,12,"Sevilla",104.63,17.14,64.58,41.76
2021,1,"Soria",36.51,-24.39,7.17,-49.45
2021,2,"Soria",38.29,-22.3,8.7,-55.85
2021,3,"Soria",42.27,-22.12,9.71,3.47
2021,4,"Soria",45.73,0,11.76,0
2021,5,"Soria",44.51,0,12.72,0
2021,6,"Soria",52.47,21.96,21.92,111.82
2021,7,"Soria",58.03,11.99,28.83,52.53
2021,8,"Soria",60.15,4.73,38.65,54.53
2021,9,"Soria",54.81,10.03,28.26,57.54
2021,10,"Soria",54.25,6.45,26.56,41.67
2021,11,"Soria",55.09,32.28,18.34,109
2021,12,"Soria",53.92,42.1,14.94,134.76
2022,1,"Soria",47.58,30.34,12.98,81.21
2022,2,"Soria",49.64,29.62,18.5,112.77
2022,3,"Soria",52.31,23.76,18.4,89.52
2022,4,"Soria",57.35,25.43,23.88,103.17
2022,5,"Soria",54.99,23.55,23.8,87.13
2022,6,"Soria",55.9,6.53,23.88,8.95
2022,7,"Soria",62.85,8.32,26.14,-9.31
2022,8,"Soria",61.64,2.47,34.05,-11.91
2022,9,"Soria",59.17,7.95,26.45,-6.39
2022,10,"Soria",59.02,8.78,28.27,6.42
2022,11,"Soria",56.64,2.81,21.87,19.21
2022,12,"Soria",55.49,2.91,19.15,28.14
2023,1,"Soria",52.91,11.2,18.68,43.85
2023,2,"Soria",50.78,2.32,19.37,4.69
2023,3,"Soria",54.5,4.19,22.38,21.66
2023,4,"Soria",62.6,9.14,33.22,39.08
2023,5,"Soria",57.84,5.2,26.67,12.07
2023,6,"Soria",61.59,10.18,28.54,19.5
2023,7,"Soria",66.01,5.02,31.27,19.64
2023,8,"Soria",71.97,16.77,36.4,6.9
2023,9,"Soria",64.86,9.61,29.64,12.04
2023,10,"Soria",65.42,10.85,30.24,7
2023,11,"Soria",59.43,4.92,23.08,5.57
2023,12,"Soria",68.8,23.99,23.85,24.55
2021,1,"Tarragona",58.52,-11.79,9.15,-54.94
2021,2,"Tarragona",57.07,-2.46,12.07,-44.67
2021,3,"Tarragona",58.66,4.53,17.15,34.43
2021,4,"Tarragona",72.4,0,20.41,0
2021,5,"Tarragona",72.68,0,21.45,0
2021,6,"Tarragona",91.15,49.94,37.31,212.69
2021,7,"Tarragona",101.68,-10.19,55.06,41.68
2021,8,"Tarragona",115.27,16.07,80.69,67.62
2021,9,"Tarragona",81.01,7.97,37.27,47.24
2021,10,"Tarragona",77.68,12.96,36.72,106.9
2021,11,"Tarragona",78.13,45.81,28.71,144.33
2021,12,"Tarragona",94.86,68.74,34.01,163.18
2022,1,"Tarragona",69.71,19.13,19.32,111.11
2022,2,"Tarragona",59.69,4.6,23.99,98.79
2022,3,"Tarragona",62.4,6.37,25.42,48.18
2022,4,"Tarragona",73.97,2.16,38.05,86.37
2022,5,"Tarragona",71.55,-1.55,39.58,84.53
2022,6,"Tarragona",86.8,-4.78,57.15,53.17
2022,7,"Tarragona",113.04,11.18,89.25,62.08
2022,8,"Tarragona",127.87,10.93,114.15,41.46
2022,9,"Tarragona",81.86,1.04,57.63,54.61
2022,10,"Tarragona",74.27,-4.38,45.66,24.34
2022,11,"Tarragona",82.77,5.94,33.71,17.4
2022,12,"Tarragona",98.99,4.36,42.12,23.86
2023,1,"Tarragona",72.29,3.7,27.49,42.25
2023,2,"Tarragona",66.51,11.42,30.65,27.75
2023,3,"Tarragona",63.23,1.32,27.4,7.81
2023,4,"Tarragona",79.13,6.99,46.49,22.19
2023,5,"Tarragona",68.38,-4.44,42.51,7.39
2023,6,"Tarragona",92.53,6.6,61.19,7.07
2023,7,"Tarragona",122.18,8.08,99.73,11.74
2023,8,"Tarragona",135.4,5.89,122.26,7.1
2023,9,"Tarragona",86.05,5.12,64.51,11.95
2023,10,"Tarragona",75.25,1.32,52.45,14.87
2023,11,"Tarragona",75.08,-9.3,35.17,4.34
2023,12,"Tarragona",104.93,6,46.11,9.47
2021,1,"Teruel",36.58,-25.94,3.99,-70.62
2021,2,"Teruel",42.23,-22.68,5.03,-72.17
2021,3,"Teruel",45.4,-8.51,7.01,-41.02
2021,4,"Teruel",53.58,0,10.66,0
2021,5,"Teruel",61.07,0,15.07,0
2021,6,"Teruel",61.66,34.81,20.2,179
2021,7,"Teruel",66.78,14.69,28.41,78.99
2021,8,"Teruel",73.03,15.28,39.19,54.43
2021,9,"Teruel",68.34,14.61,29.24,50.25
2021,10,"Teruel",64.08,-6.76,27.86,27.58
2021,11,"Teruel",58.93,25.75,19.14,189.01
2021,12,"Teruel",69.99,57.02,20.23,308.06
2022,1,"Teruel",58.85,60.88,15.82,297.1
2022,2,"Teruel",59.22,40.21,19.18,281.1
2022,3,"Teruel",57.04,25.64,17.41,148.49
2022,4,"Teruel",68.81,28.42,29.79,179.51
2022,5,"Teruel",60.4,-1.09,22.58,49.85
2022,6,"Teruel",64.04,3.87,23.82,17.92
2022,7,"Teruel",72.27,8.23,27.34,-3.77
2022,8,"Teruel",74.53,2.06,36.75,-6.22
2022,9,"Teruel",70.61,3.33,30.97,5.93
2022,10,"Teruel",73.35,14.48,31.17,11.85
2022,11,"Teruel",61.53,4.41,21.1,10.24
2022,12,"Teruel",69.94,-0.07,21.96,8.55
2023,1,"Teruel",55.6,-5.51,15.46,-2.27
2023,2,"Teruel",62.3,5.21,22.02,14.78
2023,3,"Teruel",59.95,5.1,21.23,21.94
2023,4,"Teruel",73.83,7.29,32.16,7.93
2023,5,"Teruel",66.49,10.07,25.82,14.33
2023,6,"Teruel",67.57,5.5,26.99,13.33
2023,7,"Teruel",78.44,8.54,29.87,9.25
2023,8,"Teruel",81.22,8.96,40.69,10.73
2023,9,"Teruel",73.11,3.54,32.45,4.78
2023,10,"Teruel",70.16,-4.35,31.88,2.29
2023,11,"Teruel",64.6,4.99,24.64,16.77
2023,12,"Teruel",75.4,7.8,24.34,10.84
2021,1,"Toledo",44.47,-24.17,7.02,-64.88
2021,2,"Toledo",42.3,-28.98,7.81,-68.01
2021,3,"Toledo",43.67,-16.52,9.55,-34.81
2021,4,"Toledo",47.34,0,10.58,0
2021,5,"Toledo",51.16,0,14.13,0
2021,6,"Toledo",57.98,40.55,18.83,128.48
2021,7,"Toledo",61.67,9.43,23.6,39.2
2021,8,"Toledo",66.11,6.55,32.54,53.08
2021,9,"Toledo",67.58,20.39,31.88,132.09
2021,10,"Toledo",71.28,32.29,34.58,201.03
2021,11,"Toledo",60.57,45.43,25.73,259.11
2021,12,"Toledo",64.7,41.01,24.51,268.6
2022,1,"Toledo",52.48,18,15.25,117.26
2022,2,"Toledo",57.87,36.79,22.9,193.4
2022,3,"Toledo",56.52,29.41,20.14,110.86
2022,4,"Toledo",69.12,46.02,32.01,202.5
2022,5,"Toledo",66.15,29.3,32.72,131.48
2022,6,"Toledo",69.37,19.65,35.04,86.02
2022,7,"Toledo",66.06,7.13,27.87,18.12
2022,8,"Toledo",63.39,-4.12,32.17,-1.13
2022,9,"Toledo",68.67,1.62,36.39,14.13
2022,10,"Toledo",73.35,2.91,41.2,19.14
2022,11,"Toledo",63.16,4.28,27.23,5.83
2022,12,"Toledo",65.67,1.51,25.73,4.98
2023,1,"Toledo",59.7,13.77,23.22,52.23
2023,2,"Toledo",59.8,3.35,24.75,8.08
2023,3,"Toledo",63.15,11.73,28.55,41.75
2023,4,"Toledo",77.59,12.24,42.91,34.07
2023,5,"Toledo",76.86,16.2,40.16,22.74
2023,6,"Toledo",74.96,8.05,38.18,8.97
2023,7,"Toledo",67.71,2.49,28.37,1.78
2023,8,"Toledo",69.79,10.09,34.34,6.74
2023,9,"Toledo",77.64,13.06,43.82,20.43
2023,10,"Toledo",79.91,8.94,45.76,11.07
2023,11,"Toledo",63.62,0.73,30.11,10.59
2023,12,"Toledo",75.64,15.18,28.85,12.1
2021,1,"Valencia",53.13,-15.52,11.1,-64.18
2021,2,"Valencia",50.64,-31.45,11.51,-74.85
2021,3,"Valencia",53.52,-13.25,14.94,-28.99
2021,4,"Valencia",56.36,0,17.83,0
2021,5,"Valencia",63.59,0,26.25,0
2021,6,"Valencia",74.22,31.81,40.25,224.48
2021,7,"Valencia",86.77,17.24,57.11,82.21
2021,8,"Valencia",92.35,22.58,72.66,103.65
2021,9,"Valencia",77.5,28.54,50.9,140.83
2021,10,"Valencia",76.28,36.33,47.38,167.66
2021,11,"Valencia",72.1,38,40.81,178.55
2021,12,"Valencia",69.73,25.04,31.26,130.74
2022,1,"Valencia",58.87,10.8,22.52,102.95
2022,2,"Valencia",66.39,31.11,35.32,206.78
2022,3,"Valencia",74.57,39.33,42.5,184.5
2022,4,"Valencia",81.41,44.45,55.9,213.5
2022,5,"Valencia",85.91,35.09,63.26,140.96
2022,6,"Valencia",92.3,24.35,71.16,76.8
2022,7,"Valencia",100.89,16.28,80.77,41.43
2022,8,"Valencia",104.19,12.82,85.82,18.1
2022,9,"Valencia",91.79,18.44,71.79,41.04
2022,10,"Valencia",92.32,21.03,65.45,38.13
2022,11,"Valencia",81.5,13.04,53.19,30.32
2022,12,"Valencia",79.32,13.74,41.47,32.68
2023,1,"Valencia",71.14,20.85,38.26,69.86
2023,2,"Valencia",78.05,17.57,48.68,37.81
2023,3,"Valencia",86.14,15.52,58.4,37.4
2023,4,"Valencia",92.9,14.11,69.89,25.03
2023,5,"Valencia",93.41,8.73,67.8,7.18
2023,6,"Valencia",103.51,12.14,78.68,10.57
2023,7,"Valencia",107.62,6.67,86.57,7.18
2023,8,"Valencia",115.45,10.8,93.66,9.14
2023,9,"Valencia",100.73,9.74,81.26,13.2
2023,10,"Valencia",102.01,10.5,76.24,16.49
2023,11,"Valencia",94.08,15.43,61.66,15.94
2023,12,"Valencia",92.83,17.04,51.64,24.52
2021,1,"Valladolid",50.28,-18.59,9.91,-59.87
2021,2,"Valladolid",50.48,-16.15,11.03,-60.18
2021,3,"Valladolid",56.46,-9.07,14.98,-24.4
2021,4,"Valladolid",56.78,0,12.92,0
2021,5,"Valladolid",62.71,0,20.19,0
2021,6,"Valladolid",66.95,38.25,30.51,113.6
2021,7,"Valladolid",69.58,4.81,31.93,55.72
2021,8,"Valladolid",72.05,9.63,40.69,79.2
2021,9,"Valladolid",72.2,17.48,39.29,116.13
2021,10,"Valladolid",72.06,17.11,39.71,138.62
2021,11,"Valladolid",68.52,38.09,36.74,226.99
2021,12,"Valladolid",68.84,29.84,27.59,187.18
2022,1,"Valladolid",62.14,23.58,19.9,100.71
2022,2,"Valladolid",63.09,24.99,26.72,142.3
2022,3,"Valladolid",69.06,22.32,30.77,105.44
2022,4,"Valladolid",73.95,30.25,36.36,181.45
2022,5,"Valladolid",70.58,12.54,35.75,77.06
2022,6,"Valladolid",74.36,11.06,42,37.65
2022,7,"Valladolid",72.66,4.43,38.48,20.52
2022,8,"Valladolid",72.39,0.47,41.5,1.99
2022,9,"Valladolid",67.83,-6.05,41.01,4.36
2022,10,"Valladolid",71.34,-1.01,42.11,6.03
2022,11,"Valladolid",69.82,1.89,37.83,2.95
2022,12,"Valladolid",73.85,7.28,34.5,25.07
2023,1,"Valladolid",68.1,9.58,26.77,34.55
2023,2,"Valladolid",66.29,5.07,30.88,15.58
2023,3,"Valladolid",69.13,0.11,36.36,18.18
2023,4,"Valladolid",76.97,4.09,46.71,28.46
2023,5,"Valladolid",75,6.26,44.21,23.67
2023,6,"Valladolid",75.4,1.4,46.11,9.79
2023,7,"Valladolid",82.22,13.15,45.35,17.83
2023,8,"Valladolid",79.6,9.97,45.53,9.7
2023,9,"Valladolid",80.07,18.05,52.58,28.22
2023,10,"Valladolid",83.12,16.52,51.62,22.59
2023,11,"Valladolid",77.72,11.32,42.12,11.35
2023,12,"Valladolid",78.13,5.8,37.3,8.11
2021,1,"Zamora",43.57,-18.54,6.01,-59.01
2021,2,"Zamora",43.07,-23.23,8.77,-55.66
2021,3,"Zamora",46.11,-15.49,10.7,-16.88
2021,4,"Zamora",49.25,0,11.12,0
2021,5,"Zamora",52.84,0,13.14,0
2021,6,"Zamora",56.89,19.55,20.02,72.02
2021,7,"Zamora",64.99,11.04,29.86,44.59
2021,8,"Zamora",65.44,-0.74,40.72,49.8
2021,9,"Zamora",61.32,5.59,30.21,88.88
2021,10,"Zamora",61.6,21.53,27.62,157.2
2021,11,"Zamora",57.36,34.99,21.29,188.86
2021,12,"Zamora",62.45,27.44,19.46,156.36
2022,1,"Zamora",53.98,23.89,10.96,82.47
2022,2,"Zamora",55.27,28.34,17.81,103.1
2022,3,"Zamora",58.08,25.95,18.81,75.79
2022,4,"Zamora",76.61,55.55,31.22,180.81
2022,5,"Zamora",58.83,11.33,22.46,70.94
2022,6,"Zamora",60.01,5.47,26.7,33.39
2022,7,"Zamora",64.88,-0.18,31.04,3.94
2022,8,"Zamora",66.49,1.6,38.09,-6.45
2022,9,"Zamora",63.16,3,30.36,0.51
2022,10,"Zamora",62.09,0.8,28.44,2.96
2022,11,"Zamora",59.37,3.5,21.44,0.7
2022,12,"Zamora",60.74,-2.73,17.71,-8.98
2023,1,"Zamora",59.86,10.89,12.72,16.05
2023,2,"Zamora",55.34,0.13,20.3,13.97
2023,3,"Zamora",58.08,0,23.1,22.84
2023,4,"Zamora",77.47,1.12,31.42,0.63
2023,5,"Zamora",58.44,-0.66,22.38,-0.33
2023,6,"Zamora",65.05,8.41,28.28,5.9
2023,7,"Zamora",67.79,4.49,30.3,-2.4
2023,8,"Zamora",69.69,4.82,37.65,-1.18
2023,9,"Zamora",69.11,9.41,31.11,2.47
2023,10,"Zamora",67.43,8.61,29.74,4.58
2023,11,"Zamora",62.58,5.41,21.82,1.76
2023,12,"Zamora",68.69,13.08,26.03,46.97
2021,1,"Zaragoza",43.81,-19.27,10.37,-58.65
2021,2,"Zaragoza",45.87,-26.76,13.02,-62.29
2021,3,"Zaragoza",47.81,-10.23,14.16,-20.68
2021,4,"Zaragoza",47.05,0,13.74,0
2021,5,"Zaragoza",50.88,0,18.9,0
2021,6,"Zaragoza",54.56,15.61,24.51,88.04
2021,7,"Zaragoza",55.07,3.86,25.31,45.05
2021,8,"Zaragoza",59.29,12.05,30.94,94.3
2021,9,"Zaragoza",62.12,19.81,33.86,81.24
2021,10,"Zaragoza",66.28,35.2,38.27,131.15
2021,11,"Zaragoza",58.91,31.28,28.61,133.29
2021,12,"Zaragoza",60.53,30.73,23.95,121.22
2022,1,"Zaragoza",50.76,15.85,16.09,55.16
2022,2,"Zaragoza",53.16,15.88,22.57,73.37
2022,3,"Zaragoza",56.98,19.19,28.37,100.36
2022,4,"Zaragoza",70.97,50.84,41.28,200.42
2022,5,"Zaragoza",59.59,17.12,32.31,70.93
2022,6,"Zaragoza",60.73,11.31,33.79,37.87
2022,7,"Zaragoza",57.72,4.82,31.19,23.23
2022,8,"Zaragoza",61.71,4.08,35.24,13.88
2022,9,"Zaragoza",65.94,6.14,40.75,20.34
2022,10,"Zaragoza",67.53,1.89,43.07,12.56
2022,11,"Zaragoza",59.8,1.52,31.01,8.38
2022,12,"Zaragoza",60.57,0.07,27.84,16.25
2023,1,"Zaragoza",53.24,4.9,21.75,35.14
2023,2,"Zaragoza",60.3,13.44,31.24,38.4
2023,3,"Zaragoza",69.26,21.56,39.52,39.27
2023,4,"Zaragoza",68.12,-4.02,40.41,-2.12
2023,5,"Zaragoza",66.64,11.83,38.52,19.22
2023,6,"Zaragoza",64.06,5.47,37.91,12.18
2023,7,"Zaragoza",62.23,7.8,35.18,12.79
2023,8,"Zaragoza",65.25,5.74,36.72,4.22
2023,9,"Zaragoza",67.57,2.47,43.23,6.09
2023,10,"Zaragoza",73.72,9.16,48.29,12.11
2023,11,"Zaragoza",68.64,14.78,41.1,32.55
2023,12,"Zaragoza",67.01,10.64,34.12,22.57
